"Pathogen","ATC.Class","Total.Isolates","Percent.Resistant.Isolates","Antibiotic.Consumption","PC1","PC2","PC3","PC4","PC5","PC6","PC7","PC8","PC9","PC10","GDP"
"Acinetobacter spp.","J01A",28163,27.440871771986,1.84427342256214,-0.839110122186981,-5.62195226139674,0.928508090897383,-0.66808650920269,-0.677501932934267,-0.0213480047778358,0.597247202455114,0.130844463931131,-0.0682975556735831,0.0032721195229528,37413.1931832012
"Acinetobacter spp.","J01C",27683,58.0398436693038,6.9765917721519,-0.812285422271955,-5.67871960490025,0.903109242034061,-0.713208291986039,-0.662343422810717,-0.0473406734344323,0.6200189883889,0.128280990278291,-0.0482517333418838,-0.00498804231064774,37055.3839369572
"Acinetobacter spp.","J01D",124284,70.4417898368517,2.84328739002933,-0.534997946476381,-6.26820047912715,0.867661932946246,-0.957755605538104,-0.564396597677153,0.0454973775188747,0.558630237586569,0.140927671756264,-0.0150734634076365,-0.0315024869731669,38150.0302642381
"Acinetobacter spp.","J01E",1887,59.6778431372549,0.539039215686274,-0.649566554166104,-6.26850005767335,0.759944191857323,-0.892392023941093,-0.632571999898299,-0.152890917725308,0.772732695035426,0.0173719960627458,-0.0357397597038741,0.13598036151709,38985.0856051224
"Acinetobacter spp.","J01G",105018,43.9578548392914,0.122137003841229,-0.601334353081627,-6.1123169861627,0.86688365869569,-0.894118178485987,-0.57945567154986,0.0496853553591961,0.517136438675595,0.134213008419166,-0.0449766036292118,0.000683108165429826,37459.0851148402
"Acinetobacter spp.","J01M",77893,50.80523769894,1.91547574123989,-0.525729811853152,-6.24881662123933,0.875497075942379,-1.03667693231445,-0.506481039578298,0.0730903379469369,0.493008535488363,0.154553673709647,-0.038127374940385,-0.0138247889603485,37749.8804403482
"E. coli","J01A",102846,8.54777454675325,1.86163506493507,-0.675908336823808,-5.99399314371787,0.894987876203375,-0.826425633138067,-0.591131251032063,-0.000578346767724984,0.554191687721408,0.126405351522269,-0.0280378300722426,-0.0101457672044449,37966.8693999526
"E. coli","J01C",86409,74.7466026483696,6.97511459968603,-0.790703716378378,-5.7235152236511,0.904607558053469,-0.722859210892901,-0.631481108516333,-0.0322317956468798,0.585801605562949,0.127261418171711,-0.043324300078671,-0.0025006029300268,37463.6915673235
"E. coli","J01D",11815059,22.463537119702,2.94049722362443,-0.10926073619307,-7.09439037677821,0.894434989452802,-1.21211849453526,-0.341560293623843,0.277271416162881,0.174744108816176,0.234944895380235,-0.0652806985003391,0.000322762308737561,42375.2586469431
"E. coli","J01E",649184,43.6643866533151,0.517129411764706,-0.917462736470552,-5.80604564877416,0.778516348318785,-0.118677983146543,-1.04240462729352,-0.239486038219705,0.746664606643516,-0.0406456788407727,-0.0996363083713352,0.140992179636713,40808.9600375556
"E. coli","J01F",5,40,2.3462,-3.20318488789026,-1.22095087434551,0.744458981767193,-0.0683951860443905,-1.40343400978449,-0.789411705907916,1.53181051134921,0.242300218150942,-0.413529137586352,0.717808192524543,18144.87454525
"E. coli","J01G",1574338,7.6391156074995,0.115027506654836,-0.119453175777501,-7.02068291276319,0.907476390416951,-1.25944363603025,-0.283635167839405,0.293154938664602,0.103895074289067,0.234724004553462,-0.0898528529478592,0.026192606975399,42327.9798170783
"E. coli","J01M",5431523,32.2421664862681,1.8852635193133,-0.186557621154386,-6.89625685386537,0.90298466162065,-1.17213449081213,-0.339527823102609,0.267715095945796,0.155705878503129,0.223882288048298,-0.0789995000322778,0.0258013401386097,41697.416104873
"E. faecalis","J01A",25971,26.566772046589,1.85672878535774,-0.80121199153113,-5.71825163071877,0.914564734455339,-0.704650744722813,-0.648355910320641,-0.0335884873457733,0.580017597204943,0.119973621472524,-0.0567925835857575,0.00933659749371045,37532.4131846378
"E. faecalis","J01C",29208,1.90929663013699,7.05341400304414,-0.726356117452211,-5.88304827098769,0.908936498728628,-0.771529494490042,-0.620646061509205,-0.0152249826186068,0.558851809071038,0.13097760587743,-0.0474220825959071,-0.0111857922221459,38074.5385184771
"E. faecalis","J01F",5494,71.8823908658537,2.85831707317073,-0.587678115984173,-6.27656114809611,0.833106609337024,-0.907933722125339,-0.60575585331292,-0.0580722553953123,0.7171140743616,0.0591188721452902,0.0707898931862641,-0.00334192271799697,37854.3377481667
"E. faecalis","J01G",166140,33.6379066975164,0.0968604651162791,0.910054952754105,-9.02562922931083,0.880439589830231,-2.07300764473877,0.193580084149379,0.775665118473353,-0.447155254712695,0.387257308354498,-0.0470693778593239,0.0532518818580907,47923.7546926578
"E. faecalis","J01M",25971,30.5638103161398,1.82429783693844,-0.80121199153113,-5.71825163071877,0.914564734455339,-0.704650744722813,-0.648355910320641,-0.0335884873457733,0.580017597204943,0.119973621472524,-0.0567925835857575,0.00933659749371045,37532.4131846378
"E. faecium","J01A",12875,14.5508421052632,1.88152456140351,-0.692004904039639,-5.94242395971405,0.902632234639586,-0.763556735984419,-0.661887169379202,-0.0434650864875211,0.648477338270528,0.113572941168805,-0.0440879574617629,0.0161369176776976,38183.9304906801
"E. faecium","J01C",14556,90.4461232351047,7.16185507246377,-0.629292697479187,-6.08453251969549,0.896812052836855,-0.849306906626196,-0.615497872244447,-0.013344140977174,0.595100025512635,0.13110770411594,-0.0392222733726036,-0.00978155166023936,38613.3710248696
"E. faecium","J01F",3710,83.90605399375,2.8970875,-0.471086823965443,-6.52179418214855,0.826503319711903,-0.978019141516162,-0.597786375654239,-0.0400630317713558,0.72202323466213,0.0599277393013953,0.0679945111274613,0.0058824985230488,38321.3603385329
"E. faecium","J01G",66076,42.6736578654672,0.0859850746268657,0.990099012097922,-9.23377486916485,0.878300359160548,-2.19823034651581,0.246591668310866,0.752233213728176,-0.383127599133215,0.420111793783231,-0.000796197665353756,-0.0155900413684929,49200.4710661692
"E. faecium","J01M",12875,80.5202280701754,1.85662105263158,-0.692004904039639,-5.94242395971405,0.902632234639586,-0.763556735984419,-0.661887169379202,-0.0434650864875211,0.648477338270528,0.113572941168805,-0.0440879574617629,0.0161369176776976,38183.9304906801
"Enterococcus spp.","J01A",1117,12.6727054794521,2.09370205479452,-0.684531659772984,-6.14160153466532,0.866609831558623,-1.02961554533416,-0.737351682369739,-0.208465329821153,1.25017586705849,0.137061429188251,0.0650472035985198,-0.000796722182088255,38323.3805064444
"Enterococcus spp.","J01C",1168,33.378707173913,7.38695986622074,-0.646834795358958,-6.21152484307181,0.861903152467498,-1.05355030051191,-0.728738514743008,-0.201041856396087,1.22791734025633,0.146487477543659,0.060049628645427,-0.00194795190971695,38475.9675921958
"Enterococcus spp.","J01F",54,55.5394603142857,2.59988571428571,-1.20329192703692,-5.32136958109284,0.714625145721392,-0.605350743348953,-1.40330777169156,-0.740532990570654,1.47172589089417,0.312802289766901,-0.246528515828428,-0.0222427942969659,30529.7118850323
"Enterococcus spp.","J01M",1117,28.6680136986301,2.03196917808219,-0.684531659772984,-6.14160153466532,0.866609831558623,-1.02961554533416,-0.737351682369739,-0.208465329821153,1.25017586705849,0.137061429188251,0.0650472035985198,-0.000796722182088255,38323.3805064444
"H. influenzae","J01A",27554,0.736230899830221,1.93149235993209,-0.558711621651422,-6.24032502194007,0.891224704149799,-0.764427633264041,-0.554014109084087,0.0930111303323736,0.424184146396225,0.117822243122394,-0.0272089936808386,-0.0235231122462721,39563.3926929929
"H. influenzae","J01C",29886,16.1050605305135,7.46454363376252,-0.454948847971407,-6.48321905554758,0.885365191237979,-0.902853446603325,-0.477675155885792,0.131361058984388,0.36608109726229,0.107480689408776,-0.0124551106260844,-0.0228242712241711,40028.269478594
"H. influenzae","J01D",43077,0,2.72898081023454,-0.383480201899982,-6.59941374801307,0.884829268989333,-0.97628812940764,-0.452032577670173,0.158560287227788,0.391451330316551,0.123170960896706,0.0130531327973025,-0.0498117736917872,40630.0778397472
"H. influenzae","J01F",1544,0,2.44440845070423,-0.938827301576736,-5.69714724685497,0.781446465236804,-0.720271204770574,-0.498227505912647,0.12421106144589,-0.0649908638733008,0.101148338997051,-0.218098189337222,0.147093893476938,36979.6904286567
"H. influenzae","J01M",27483,0,1.84917035775128,-0.557085498126217,-6.24513232953118,0.890724222700197,-0.764710298371537,-0.553758844585558,0.0924564509032777,0.421990314190671,0.116605039309396,-0.029084562086516,-0.0184259980996894,39574.0363795044
"K. pneumoniae","J01A",81185,12.7769319817232,1.86406527415144,-0.652736757271864,-6.03145510989637,0.891429584271367,-0.82297958543148,-0.598968314739281,7.32681750217442e-05,0.560856901541156,0.128138081649807,-0.0253995418755868,-0.0112624651082411,38081.0927571889
"K. pneumoniae","J01C",113118,85.8753207872535,7.18244554455446,-0.584541139341955,-6.05243105095413,0.906904606375789,-0.891118628563755,-0.542394141516821,0.0224697524683753,0.51640188875343,0.134812999396938,-0.0268002494084903,-0.0133827070512838,38804.1493351437
"K. pneumoniae","J01D",2536580,38.6478840859118,2.90132221594121,-0.216438298631388,-6.8932994764318,0.883544172386851,-1.08637635277409,-0.414402553379443,0.199394653127743,0.32827588702024,0.17617418014719,-0.0209277379755841,-0.0321069078676735,41258.0149931022
"K. pneumoniae","J01E",121919,42.3581955162271,0.518564705882353,-0.918389606967639,-5.73935463962346,0.785768116070868,0.164199071521422,-1.12286476690678,-0.197256061333626,0.666532647911472,-0.0632994944495904,-0.052559201302404,0.152106989381688,41135.8868727952
"K. pneumoniae","J01G",399963,16.671785541949,0.114722222222222,-0.182035358042996,-6.92406776186598,0.898439111123514,-1.2532329796475,-0.299858629339977,0.229591617801999,0.250948668338187,0.191296776508252,-0.0390101968614459,0.00780917775500805,41077.6590305893
"K. pneumoniae","J01M",952358,31.4399776081742,1.88751518218623,-0.252126510506423,-6.78572661388773,0.894705427151482,-1.12747324252597,-0.364962514014309,0.213958187414465,0.273256988337582,0.172032806289251,-0.0292158578635956,0.0106683856364105,40614.5284667064
"Morganella spp.","J01A",2899,3.73537878787879,1.82922348484848,-0.402566160724891,-6.60350141692252,0.812741431487197,-1.01166760430079,-0.559463650801359,-0.0243053185793262,0.744969126576645,0.0618059505396424,0.09780706142983,0.0207553739843835,38218.511411988
"Morganella spp.","J01C",2899,99.9051275356955,7.66357196969697,-0.402566160724891,-6.60350141692252,0.812741431487197,-1.01166760430079,-0.559463650801359,-0.0243053185793262,0.744969126576645,0.0618059505396424,0.09780706142983,0.0207553739843835,38218.511411988
"Morganella spp.","J01D",2899,75.9025067081894,2.92812121212121,-0.402566160724891,-6.60350141692252,0.812741431487197,-1.01166760430079,-0.559463650801359,-0.0243053185793262,0.744969126576645,0.0618059505396424,0.09780706142983,0.0207553739843835,38218.511411988
"Morganella spp.","J01E",682,36.0543396226415,0.545132075471698,-0.579795022059793,-6.40946406370467,0.769688476394246,-0.990624810557851,-0.557050044197998,-0.114528017490736,0.717874540850164,0.026019472134173,-0.0362679219722687,0.141391695254806,39738.7623986471
"Morganella spp.","J01G",2899,6.13438358333333,0.120204545454545,-0.402566160724891,-6.60350141692252,0.812741431487197,-1.01166760430079,-0.559463650801359,-0.0243053185793262,0.744969126576645,0.0618059505396424,0.09780706142983,0.0207553739843835,38218.511411988
"Morganella spp.","J01M",2899,29.8034181931818,1.918125,-0.402566160724891,-6.60350141692252,0.812741431487197,-1.01166760430079,-0.559463650801359,-0.0243053185793262,0.744969126576645,0.0618059505396424,0.09780706142983,0.0207553739843835,38218.511411988
"P. aeruginosa","J01C",201608,19.1781138003314,7.54707134894091,-0.276652516454615,-6.72571708562154,0.914536297474098,-1.15551923021741,-0.342640198807633,0.187559979130743,0.335475592175881,0.174433005221758,-0.032247250407381,0.00883971781331496,40871.1263998318
"P. aeruginosa","J01D",435396,36.599122666123,2.91596602658789,-0.0803140421884259,-7.15290802248947,0.901115458213006,-1.35189991347423,-0.249647077717289,0.242137319113529,0.274875314529141,0.189207404582207,-0.032517948284919,-0.00859400138772821,42427.5072660272
"P. aeruginosa","J01G",252632,10.6352671024073,0.109352173913043,-0.258242546127678,-6.76764250109531,0.904273664460387,-1.16599638398748,-0.345532912865885,0.187889064748457,0.305678845641533,0.174861270022934,-0.0416053581545022,0.00690023788496732,41079.226261709
"P. aeruginosa","J01M",252802,30.4707345047699,1.85079565217391,-0.258865958899612,-6.76815867958419,0.903725213189922,-1.16611378632386,-0.346553874086014,0.187403866395528,0.305229135340423,0.174823717331168,-0.0411667109366442,0.00628956485630835,41083.1813030914
"Proteus spp.","J01A",4,0,1.36566666666667,0.630737966586083,-7.69789685963991,0.958558291754776,1.77052926409433,-1.03061823249489,0.613447988513406,-0.699158951124439,-0.158626884608125,0.903052869826046,-1.94349135090176,45226.296315
"Proteus spp.","J01C",4,50,7.693,0.630737966586083,-7.69789685963991,0.958558291754776,1.77052926409433,-1.03061823249489,0.613447988513406,-0.699158951124439,-0.158626884608125,0.903052869826046,-1.94349135090176,45226.296315
"Proteus spp.","J01D",4,0,2.45366666666667,0.630737966586083,-7.69789685963991,0.958558291754776,1.77052926409433,-1.03061823249489,0.613447988513406,-0.699158951124439,-0.158626884608125,0.903052869826046,-1.94349135090176,45226.296315
"Proteus spp.","J01E",4,16.6666666666667,0.286666666666667,0.630737966586083,-7.69789685963991,0.958558291754776,1.77052926409433,-1.03061823249489,0.613447988513406,-0.699158951124439,-0.158626884608125,0.903052869826046,-1.94349135090176,45226.296315
"Proteus spp.","J01G",4,0,0.0713333333333333,0.630737966586083,-7.69789685963991,0.958558291754776,1.77052926409433,-1.03061823249489,0.613447988513406,-0.699158951124439,-0.158626884608125,0.903052869826046,-1.94349135090176,45226.296315
"Proteus spp.","J01M",4,58.3333333333333,1.61166666666667,0.630737966586083,-7.69789685963991,0.958558291754776,1.77052926409433,-1.03061823249489,0.613447988513406,-0.699158951124439,-0.158626884608125,0.903052869826046,-1.94349135090176,45226.296315
"S. agalactiae","J01A",21630,48.3444536423841,1.88552317880795,-0.632042414025913,-6.01361030957557,0.902644343088522,-0.72937743997177,-0.594725537919547,0.044753861264318,0.453826962267158,0.125942848403875,-0.0358483403691451,-0.0212301679504241,38523.7352017986
"S. agalactiae","J01C",27414,0,7.32522404371585,-0.541727160287631,-6.24069921389902,0.894200365354577,-0.856469970235713,-0.528043236129535,0.0851920422614819,0.389420132937448,0.130240495717922,-0.0258745337899034,-0.0305498359483992,38931.6390481238
"S. agalactiae","J01D",24888,0,2.69858127438231,-0.551311845026482,-6.20659046241627,0.899210710227803,-0.832462829282902,-0.528149491604997,0.0955267470284029,0.392503958838023,0.130684273907419,-0.0171041438038329,-0.0437803091728208,39122.5059059648
"S. agalactiae","J01F",3432,37.0995284014084,2.87448591549296,-0.51991805186265,-6.39604325372226,0.806473346769281,-0.939700253445221,-0.620343940677974,-0.0333996962193124,0.708349556032955,0.0815651490867133,0.0476318366754994,0.0370788081493416,37088.0302617603
"S. agalactiae","J01M",21629,3.84433774834438,1.83835430463576,-0.632042414025913,-6.01361030957557,0.902644343088522,-0.72937743997177,-0.594725537919547,0.044753861264318,0.453826962267158,0.125942848403875,-0.0358483403691451,-0.0212301679504241,38523.7352017986
"S. aureus","J01A",119845,1.73178403755869,1.8532676056338,-0.794861895700947,-5.69752656321126,0.904006707169812,-0.685620410334285,-0.65491839398567,-0.0389719001431383,0.596216878553242,0.125856342384552,-0.0452122106136343,-0.0030604547398147,37523.2062664286
"S. aureus","J01C",883624,29.9134369251378,8.08223490813648,0.34698400651247,-7.97293414672721,0.86662170006291,-1.66873779603938,-0.0895637642705891,0.457433019639158,-0.045003847579211,0.267499672065366,-0.0487082425682229,0.0512639633878691,43857.7647222531
"S. aureus","J01D",68020,0.0381954887218047,2.93501503759398,-0.406951463391893,-6.59625129675489,0.811084385163165,-1.01186823455756,-0.565877559821106,-0.0267784293216513,0.745528879381036,0.067604087463348,0.0949227826335384,0.0227104183099016,38120.1639250278
"S. aureus","J01E",47564,3.1460103626943,0.591575129533679,-0.34891247257835,-6.72745394232792,0.787180586551106,-1.08757466921016,-0.535129159622177,-0.0333674505916577,0.754023956376587,0.0617861330900322,0.074807268100876,0.0809371900757634,38438.8874496667
"S. aureus","J01F",69007,49.7534162226027,2.83066780821918,-0.612099208496713,-6.20777266271088,0.81016436968087,-0.918454686198976,-0.612417019500874,-0.0467941881642977,0.695588659952123,0.0899420704947547,0.0395566073235552,0.055096895420036,36738.0336778473
"S. aureus","J01G",47564,13.4820725388601,0.126238341968912,-0.34891247257835,-6.72745394232792,0.787180586551106,-1.08757466921016,-0.535129159622177,-0.0333674505916577,0.754023956376587,0.0617861330900322,0.074807268100876,0.0809371900757634,38438.8874496667
"S. aureus","J01M",162518,33.5169060606452,1.84441677419355,-0.676435166670229,-5.97398949156004,0.896668315236397,-0.780322210071844,-0.612402983114263,-0.00406841152564419,0.556477591841659,0.121920287616747,-0.0272517169215866,-0.00919752098883286,38117.3341404732
"S. pneumoniae","J01A",38131,0,1.89166611842105,-0.63427707550236,-6.1121412972623,0.885397930886612,-0.723617657661218,-0.627832224464793,0.0258924704231508,0.534765887753938,0.130563345244058,-0.032078894140431,-0.0310954719366198,38846.6119634127
"S. pneumoniae","J01C",258652,14.692506164085,7.62846569178853,-0.155420703317209,-7.02070128568352,0.908211616109092,-1.16702566219323,-0.292956723843763,0.256465912025252,0.242679923843455,0.144909022934474,-0.0156778317900702,0.020479421509028,42421.9250902266
"S. pneumoniae","J01D",69848,9.00594787579127,2.69289167616876,-0.602828457305105,-6.17870313061537,0.89537675218729,-0.763271686132551,-0.611841803730346,0.0327266909373919,0.629717374967544,0.109402168249393,0.00809934360234311,-0.0670642064325357,39394.6543481929
"S. pneumoniae","J01E",3110,22.8484819786895,0.9465,-3.10426484803104,-1.22159390784764,0.766992518095121,1.41560705215981,-1.28685532570745,0.424538180864897,0.181349719130065,-0.593966975062158,-0.636373659099618,0.619208086755926,20309.595711625
"S. pneumoniae","J01F",250203,42.0024761023272,3.06778592964824,-0.13392409612561,-7.09264429697751,0.900745932930898,-1.22134755352949,-0.28177288575005,0.247173420103197,0.232976107419156,0.154941212804576,-0.00911293744944228,0.00260087457091337,42459.0821483164
"S. pneumoniae","J01M",47542,0.844506310204082,1.8528693877551,-0.548345069653318,-6.30988474707684,0.880907553356239,-0.831029734174576,-0.563187353960409,0.0686964021068183,0.456139713766422,0.12928732975865,-0.0216185342105596,-0.0325755463285367,39265.2831895121
"S. pyogenes","J01A",10108,0.844581818181818,1.84745818181818,-0.367463138936512,-6.70422303122773,0.816058011672167,-1.06581222733291,-0.566610246904583,-0.0527220621379756,0.824334194673386,0.0675674670937715,0.0937815109057981,0.0127787309845903,38591.2974001341
"S. pyogenes","J01C",11801,0,7.99364331210191,-0.166537052943057,-7.1121469588774,0.826225553918904,-1.31383011913526,-0.423728663404292,0.0343406585845248,0.775480424837399,0.102314818351862,0.126438854325312,-0.0184312348619946,40498.85822485
"S. pyogenes","J01D",12622,0,2.86890445859873,-0.166537052943057,-7.1121469588774,0.826225553918904,-1.31383011913526,-0.423728663404292,0.0343406585845248,0.775480424837399,0.102314818351862,0.126438854325312,-0.0184312348619946,40498.85822485
"S. pyogenes","J01F",8250,15.5102115984556,2.94567953667954,-0.307737943765396,-6.79809121623788,0.810922491811266,-1.0860499614048,-0.540269197831239,-0.00556810159501876,0.765323525750217,0.0569858284166218,0.106805982559578,0.0119156860974665,38476.2160421061
"S. pyogenes","J01M",10108,0.246981818181818,1.94298909090909,-0.367463138936512,-6.70422303122773,0.816058011672167,-1.06581222733291,-0.566610246904583,-0.0527220621379756,0.824334194673386,0.0675674670937715,0.0937815109057981,0.0127787309845903,38591.2974001341
"Salmonella spp.","J01C",1,100,5.189,-4.60995500603227,1.1131244008136,0.899537869223662,1.30910579131176,-1.1759820052924,-0.552759779153844,-1.07255801318517,0.405262628109431,-0.94360266312249,0.243860786460304,9311.531314
"Salmonella spp.","J01D",41522,3.52068848849522,3.56311764705882,-1.3689204274531,-4.69017955724505,0.710310912180075,1.39224915959621,-1.59708820355318,0.0462055814778082,0.230352555519402,-0.50936430054721,0.00524493064526919,0.0300491219826688,39004.3837201029
"Salmonella spp.","J01E",1,0,0.113,-4.60995500603227,1.1131244008136,0.899537869223662,1.30910579131176,-1.1759820052924,-0.552759779153844,-1.07255801318517,0.405262628109431,-0.94360266312249,0.243860786460304,9311.531314
"Salmonella spp.","J01M",21704,14.6085045430719,2.1016,-1.67401227735194,-4.165427174294,0.801906244338918,1.39262951448107,-1.72245252995588,-0.2726652425724,1.06931873347814,-0.488440573574842,0.150877904293456,0.187309663777061,35343.4772191
"Shigella spp.","J01D",6353,2.48545084539465,1.4222,-1.64096739262163,-3.92567188555303,0.836817570057843,0.329528322389087,-0.291375100070905,1.19442745963033,0.299789110104785,-1.24015330756769,-0.0165952889779524,0.71562074594141,29375.117774
"Shigella spp.","J01F",1900,2.15401086155859,2.525,-1.1631352924682,-3.49597212838095,0.743261884276208,0.945311292266144,0.164890941588511,3.23992039920716,1.10204447397355,-2.57738304192763,-0.0372609593934677,1.35592015592968,27851.009635
"Shigella spp.","J01M",6965,9.17521154413205,1.83316666666667,-1.02819335582997,-5.23367404108202,0.89555314982647,-0.212672450867124,0.0370562432694878,1.19662840923489,0.347239365677512,-1.31583830075245,0.270353806680021,0.699532966699813,34814.3910266667
NA,"J01C",3,0,7.387,-0.735256137405136,-6.55265071886609,0.939822764896463,-0.460405091888661,-0.792786585736423,-0.932450239467965,4.18327583297589,-1.0108681405961,2.03432565763312,-3.68099327912707,60798.43384
