"region","pathogen","avertable_burden","lower_bound","upper_bound","avertable_burden_per_100k","lower_bound_per_100k","upper_bound_per_100k"
"Central Europe, Eastern Europe, and Central Asia","Acinetobacter spp.",1146.35306659366,708.889404988676,1675.83267440811,0.278967472295687,0.172509753940391,0.40781746810284
"High-income","Acinetobacter spp.",2202.11047302582,1490.75259837884,3122.33457362529,0.27858112178608,0.188589780689455,0.394995382278352
"Latin America and Caribbean","Acinetobacter spp.",1701.83267121,1116.50183149417,2501.19277379196,0.267867367175756,0.175736669714191,0.393686132866585
"North Africa and Middle East","Acinetobacter spp.",2901.99091866156,1981.39662645636,4050.89717883511,0.46245728073939,0.315752640728396,0.6455454018936
"South Asia","Acinetobacter spp.",8176.03054257629,5369.72576905578,11365.2996111112,0.450316049584931,0.295751548759952,0.625973300438778
"Southeast Asia, East Asia, and Oceania","Acinetobacter spp.",8816.61690770422,5311.10620459794,13304.6561543327,0.379402498269999,0.228551039893879,0.572534775687736
"Sub-Saharan Africa","Acinetobacter spp.",2429.44281386523,1737.41213763715,3280.38819376875,0.227723624634261,0.162856185462878,0.307486920634262
"Central Europe, Eastern Europe, and Central Asia","E. coli",1857.69719875629,1311.86761857539,2535.18255615577,0.452074589347715,0.319245792771331,0.616942101093173
"High-income","E. coli",6521.82375240522,4993.41884223475,8377.51081550489,0.825052602624285,0.631699562604638,1.05980893753781
"Latin America and Caribbean","E. coli",1432.26618831814,1112.39390297852,1773.88659555802,0.225437776257319,0.175090084409627,0.279208608495363
"North Africa and Middle East","E. coli",2100.30374924599,1643.06038978758,2666.09162439636,0.334701516244243,0.26183584347749,0.424864693714844
"South Asia","E. coli",6804.06927593561,5479.38227304589,8272.57096763919,0.374751730865728,0.301791164613999,0.455633263435
"Southeast Asia, East Asia, and Oceania","E. coli",6090.53551106631,4619.71652795797,7810.62013449924,0.262091958048159,0.19879870140154,0.336111778824993
"Sub-Saharan Africa","E. coli",3614.57865665787,3081.67035720543,4194.90394833993,0.338812236502157,0.288860120380553,0.393208980535213
"Central Europe, Eastern Europe, and Central Asia","E. faecalis",857.144056960456,516.0905364017,1288.63895136883,0.20858784080724,0.125591736622222,0.313593046890286
"High-income","E. faecalis",1926.86099514854,1162.61450641238,2859.51229475485,0.243760294558133,0.147078204008584,0.361746675560428
"Latin America and Caribbean","E. faecalis",440.785764934046,267.579217794695,681.72973452532,0.0693793957178441,0.0421167966711155,0.107303821463767
"North Africa and Middle East","E. faecalis",488.21638012404,300.961678051251,725.345509689737,0.077801490732688,0.0479608390030863,0.115590062618926
"South Asia","E. faecalis",2710.97751755508,1685.378398862,4018.64691135432,0.149314105403805,0.0928265787021098,0.221337382776891
"Southeast Asia, East Asia, and Oceania","E. faecalis",2139.09321775722,1289.10038520042,3371.86347895324,0.0920508761291783,0.0554734215840181,0.145100262507986
"Sub-Saharan Africa","E. faecalis",1538.14176065197,1003.55419875963,2221.15486782313,0.144177592877649,0.0940680712277727,0.208199770946647
"Central Europe, Eastern Europe, and Central Asia","Enterobacter spp.",82.2053103753966,61.9241288983499,107.250909701904,0.0200048382239253,0.0150693693036617,0.0260997384251414
"High-income","Enterobacter spp.",289.88737470717,223.55786523736,365.448537354227,0.0366726152147037,0.0282815061482135,0.0462315877147318
"Latin America and Caribbean","Enterobacter spp.",119.081851866467,93.386450181476,148.649705732942,0.0187434068445779,0.0146989671565161,0.0233973680137561
"North Africa and Middle East","Enterobacter spp.",279.250044695186,209.835437077608,361.655463549851,0.0445009029785837,0.0334390865972897,0.0576329171681027
"South Asia","Enterobacter spp.",847.884115462533,627.150784880704,1115.5952225711,0.0466994128009446,0.0345419531484012,0.0614442951194921
"Southeast Asia, East Asia, and Oceania","Enterobacter spp.",1042.20431921809,718.575408996747,1462.62257329673,0.0448488265463367,0.0309222129330039,0.0629405433108892
"Sub-Saharan Africa","Enterobacter spp.",818.697141835103,653.486876400879,993.636934047902,0.0767405100265686,0.0612545392283456,0.0931384772263321
"Central Europe, Eastern Europe, and Central Asia","Enterococcus spp.",446.454410291944,149.000014210074,757.889664709157,0.108645636291173,0.0362594723628368,0.184434072018654
"High-income","Enterococcus spp.",571.284346177034,111.68229033697,865.521780897767,0.0722711398752606,0.0141285272046144,0.109494065627632
"Latin America and Caribbean","Enterococcus spp.",581.332950206931,203.761698852206,895.646712924429,0.0915014322258417,0.0320719602615176,0.14097421619019
"North Africa and Middle East","Enterococcus spp.",563.595492964779,133.369122265013,882.521605957541,0.0898138024614076,0.02125351985792,0.140637429104402
"South Asia","Enterococcus spp.",1853.7557744707,772.422921117579,2975.37213861544,0.102100398586801,0.0425431921560456,0.163876323666983
"Southeast Asia, East Asia, and Oceania","Enterococcus spp.",1513.51897398498,440.573640252604,2538.03591281163,0.0651307509354484,0.0189590566918793,0.109218442413923
"Sub-Saharan Africa","Enterococcus spp.",870.474103544341,341.420845418359,1409.15310213774,0.0815938193227104,0.0320030551864127,0.132086851459111
"Central Europe, Eastern Europe, and Central Asia","K. pneumoniae",402.421687921062,-10.2303910480253,830.877164683177,0.097930179058958,-0.00248958755764873,0.202195736352519
"High-income","K. pneumoniae",690.626781984748,-231.194333038322,1359.29001324959,0.0873687246927533,-0.0292475683837525,0.171958919119698
"Latin America and Caribbean","K. pneumoniae",342.643623550459,26.5055771035938,662.090750945363,0.0539318858268037,0.00417196077753377,0.104212658087623
"North Africa and Middle East","K. pneumoniae",571.552273005285,-77.7683660871729,1115.96379362895,0.0910817839830971,-0.0123930598393488,0.177838455002224
"South Asia","K. pneumoniae",1495.12948310328,357.297448600429,2689.21167492085,0.0823481271190158,0.0196790820120666,0.148115295269732
"Southeast Asia, East Asia, and Oceania","K. pneumoniae",1098.16479271646,-47.4238727864947,2213.90955360384,0.0472569547061418,-0.00204077550393646,0.0952704222463304
"Sub-Saharan Africa","K. pneumoniae",1546.03042620055,437.055688987324,2641.21768777544,0.144917036301465,0.0409673794728552,0.247574325222092
"Central Europe, Eastern Europe, and Central Asia","P. aeruginosa",775.325784560093,569.224683152056,1000.38378267697,0.188677189102916,0.138522044956966,0.24344553463642
"High-income","P. aeruginosa",2140.6876873096,1686.91537280446,2632.15481003946,0.270810744796528,0.213405631856571,0.33298449313847
"Latin America and Caribbean","P. aeruginosa",678.191903984845,496.417151725705,857.000309301694,0.106746969213589,0.0781357401953671,0.134891297132188
"North Africa and Middle East","P. aeruginosa",905.839334365444,701.560087472936,1131.92721807278,0.144353310226977,0.111799650454337,0.180382364361867
"South Asia","P. aeruginosa",2026.79570839107,1516.86606859956,2585.90809869315,0.111631020941705,0.0835453258404708,0.142425583359703
"Southeast Asia, East Asia, and Oceania","P. aeruginosa",1265.50302532902,934.694599308622,1634.47547977037,0.0544579643648255,0.0402223970724287,0.0703358314053603
"Sub-Saharan Africa","P. aeruginosa",1377.85089377848,1121.94149237135,1631.87429027903,0.12915274150355,0.105165094569108,0.152963603921413
"Central Europe, Eastern Europe, and Central Asia","Proteus spp.",55.9835649662898,40.026798984672,76.0920125992951,0.0136237203562026,0.00974060720230057,0.0185171541258163
"High-income","Proteus spp.",299.93334396615,226.494657348457,380.379307198523,0.0379434948639657,0.0286530292170075,0.0481204260193054
"Latin America and Caribbean","Proteus spp.",67.31017281531,50.1982252438144,87.3472549746959,0.0105945778813629,0.00790116834658939,0.0137484017176998
"North Africa and Middle East","Proteus spp.",129.631185513078,92.2824467546838,176.21032209183,0.0206578473991403,0.0147060037685548,0.0280806345287889
"South Asia","Proteus spp.",429.558577967639,297.488227345171,575.535690735377,0.0236590507934618,0.0163849343074847,0.0316991182087027
"Southeast Asia, East Asia, and Oceania","Proteus spp.",308.551537968139,215.869086447189,418.189880959206,0.013277794144358,0.00928942150426865,0.0179958239365615
"Sub-Saharan Africa","Proteus spp.",149.806182050652,106.649094625737,209.557572144764,0.0140420702946775,0.00999674421374644,0.0196428619871225
"Central Europe, Eastern Europe, and Central Asia","S. agalactiae",40.8503941519149,14.0548420519767,65.34848303297,0.00994103084899032,0.00342027589493498,0.0159026932114687
"High-income","S. agalactiae",338.433531430051,-0.643154698242651,617.814897151849,0.0428140159136796,-8.13632011259795e-05,0.0781575534983142
"Latin America and Caribbean","S. agalactiae",49.7518009188691,23.3093891209778,74.0875110088125,0.00783090144515465,0.00366888284608626,0.0116613265512321
"North Africa and Middle East","S. agalactiae",171.092986090288,27.1831454208936,264.758863700402,0.0272651429031314,0.0043318686603912,0.042191608309722
"South Asia","S. agalactiae",962.114778476045,373.75773870382,1475.3614789001,0.0529909623055411,0.020585675104617,0.0812593531088654
"Southeast Asia, East Asia, and Oceania","S. agalactiae",262.381913661591,93.5162348199558,420.77470377475,0.0112909922917353,0.00402425255525069,0.0181070557439621
"Sub-Saharan Africa","S. agalactiae",1682.2959058418,444.839690377901,2640.87274650142,0.157689869956711,0.0416970122103305,0.247541992179817
"Central Europe, Eastern Europe, and Central Asia","S. aureus",221.322067556005,102.482113989873,337.160859348412,0.0538591988355008,0.0249392417819626,0.082048816748015
"High-income","S. aureus",2272.67869590837,1062.29118412651,3296.85494277786,0.287508455329913,0.134386659235491,0.417073330141812
"Latin America and Caribbean","S. aureus",228.088095419172,100.33846132506,349.1789221737,0.0359009194250724,0.0157932092363114,0.0549605376240866
"North Africa and Middle East","S. aureus",312.607767462481,163.958543633045,438.876364763669,0.0498167437909791,0.0261282079674805,0.0699387337583414
"South Asia","S. aureus",1296.7854586969,753.631825909836,1850.28569150638,0.0714238164692034,0.0415082239380014,0.10190927478362
"Southeast Asia, East Asia, and Oceania","S. aureus",964.721201717295,431.75142219084,1537.86034884405,0.0415145217147567,0.018579413161038,0.0661782251003731
"Sub-Saharan Africa","S. aureus",430.071258374748,247.228317117533,589.531100897558,0.0403126944372474,0.0231739262043632,0.0552596498114015
"Central Europe, Eastern Europe, and Central Asia","S. pyogenes",0,0,0,0,0,0
"High-income","S. pyogenes",-20.4915807304238,-86.6989215595294,42.2381007184513,-0.00259231660580933,-0.0109679705544064,0.00534339108977192
"Latin America and Caribbean","S. pyogenes",0,0,0,0,0,0
"North Africa and Middle East","S. pyogenes",-0.947075037299001,-3.41761242490918,1.21839351404519,-0.000150924575121502,-0.000544626014671887,0.000194161514342617
"South Asia","S. pyogenes",0,0,0,0,0,0
"Southeast Asia, East Asia, and Oceania","S. pyogenes",0,0,0,0,0,0
"Sub-Saharan Africa","S. pyogenes",0,0,0,0,0,0
"Central Europe, Eastern Europe, and Central Asia","Citrobacter spp.",30.0929814340165,18.1216738982357,48.2153710566464,0.0073231914399932,0.00440994812896461,0.011733313742021
"High-income","Citrobacter spp.",82.8616396486562,60.2868799589797,109.052849000902,0.0104825297409527,0.00762667761389752,0.0137958859833655
"Latin America and Caribbean","Citrobacter spp.",24.5699728060484,17.6791258096214,32.2725737678781,0.00386729790682457,0.00278268302442754,0.00507968234094392
"North Africa and Middle East","Citrobacter spp.",123.050096966625,83.6875376248627,171.984396389498,0.019609094181504,0.0133363308730199,0.027407196822165
"South Asia","Citrobacter spp.",421.547042701915,294.278750834096,585.792373745762,0.023217794747122,0.0162081640794166,0.0322640315796875
"Southeast Asia, East Asia, and Oceania","Citrobacter spp.",247.315644887137,157.820705368274,359.2230472735,0.010642650635012,0.00679144512257689,0.0154583240939769
"Sub-Saharan Africa","Citrobacter spp.",174.286738401153,126.270442374822,235.573681531768,0.0163367532538248,0.0118359496497131,0.0220814798852999
"Central Europe, Eastern Europe, and Central Asia","E. faecium",1.69436515534368,-183.73971341094,188.793346514919,0.000412327387003591,-0.0447134525167653,0.0459432649489125
"High-income","E. faecium",19.4600837883905,-1057.33340797722,986.478740235345,0.0024618256160291,-0.133759468702522,0.124795898043785
"Latin America and Caribbean","E. faecium",2.64362110902276,-104.260060890925,114.146059310578,0.000416104261167281,-0.0164104664840988,0.0179665162728793
"North Africa and Middle East","E. faecium",-1.26305796362955,-281.885525666952,232.541636074674,-0.000201279179586735,-0.0449208896008043,0.0370575152341903
"South Asia","E. faecium",9.53245091451957,-287.404364096041,305.581385346734,0.00052502441329385,-0.0158295394322752,0.0168306859373193
"Southeast Asia, East Asia, and Oceania","E. faecium",15.1931740438108,-736.040589193896,679.490217496974,0.000653802728327197,-0.0316737861349363,0.0292402730851449
"Sub-Saharan Africa","E. faecium",3.45998244060698,-203.745605813442,198.078693139855,0.000324321172759915,-0.0190980777955922,0.0185668901968761
"Central Europe, Eastern Europe, and Central Asia","S. pneumoniae",31.2766039513717,8.58354788088966,52.4854916492384,0.00761122851289952,0.00208882474818691,0.0127724567275698
"High-income","S. pneumoniae",622.490426251895,160.572892674216,929.204923479134,0.0787490379663231,0.0203135024866187,0.117550392281764
"Latin America and Caribbean","S. pneumoniae",51.7825374668145,14.9091159103587,84.2886084168842,0.0081505380708512,0.00234668524901833,0.013266972717997
"North Africa and Middle East","S. pneumoniae",285.315204035084,130.351784821615,399.518588251784,0.0454674384275898,0.0207726811136726,0.0636667326350471
"South Asia","S. pneumoniae",498.223226840188,169.397788296281,798.833678364351,0.0274409341004534,0.00933002175527204,0.0439978329879236
"Southeast Asia, East Asia, and Oceania","S. pneumoniae",217.279234453578,39.0485240992115,359.917001057194,0.00935010392726094,0.00168036195199218,0.0154881867728223
"Sub-Saharan Africa","S. pneumoniae",1309.58234031482,602.633744703572,1914.4833863657,0.122753594195139,0.056487825063261,0.17945394456585
"Central Europe, Eastern Europe, and Central Asia","Salmonella spp.",5.69618156715959,-4.78191834899293,11.7097590239264,0.00138617797590893,-0.00116369006496999,0.00284959492087638
"High-income","Salmonella spp.",26.9567995169514,-78.1268904020671,68.8967486225181,0.00341020831660461,-0.00988355354396009,0.0087158813119407
"Latin America and Caribbean","Salmonella spp.",14.6290030044634,-3.55742627619007,24.7764779224776,0.00230259565790665,-0.000559936606368804,0.00389980167924707
"North Africa and Middle East","Salmonella spp.",-10.6971210328925,-25.5639865733161,21.9203204034323,-0.00170467849254787,-0.00407384173380069,0.00349319210529539
"South Asia","Salmonella spp.",1957.78706879098,-423.243889358731,3480.69085262539,0.107830191454815,-0.0233112529698218,0.191708060093275
"Southeast Asia, East Asia, and Oceania","Salmonella spp.",583.518944936445,-554.945816519195,1187.25142481461,0.0251103737198002,-0.0238807959329485,0.051090589663215
"Sub-Saharan Africa","Salmonella spp.",162.944463615578,23.9469465021589,375.038836625685,0.0152735860489711,0.00224466508339755,0.0351542348589546
"Central Europe, Eastern Europe, and Central Asia","Serratia spp.",9.95126497244032,6.37556835607449,14.4176498070372,0.00242166162974143,0.0015515082050833,0.00350856593864659
"High-income","Serratia spp.",64.2987330555398,43.0147496274365,89.6159935890298,0.0081342028038327,0.00544164216615944,0.0113369989061913
"Latin America and Caribbean","Serratia spp.",20.3181155492279,13.7610836317465,28.6160029489484,0.00319805831102937,0.00216598570722025,0.00450414044735577
"North Africa and Middle East","Serratia spp.",38.3777687288215,26.6839465498766,53.8598451092976,0.0061158284311109,0.00425231701501763,0.00858303082553353
"South Asia","Serratia spp.",125.722892512243,85.2949813298883,178.816027084923,0.00692451379721298,0.00469784192241933,0.0098487556400421
"Southeast Asia, East Asia, and Oceania","Serratia spp.",115.217074395257,73.5577794484885,173.249648894936,0.00495809745694209,0.00316538708464959,0.00745539363944701
"Sub-Saharan Africa","Serratia spp.",166.928039284418,123.951815854769,220.365303457404,0.0156469861904092,0.0116186133813695,0.0206559238030012
"Central Europe, Eastern Europe, and Central Asia","Shigella spp.",3.54613291941121,1.83544086268851,5.83759667214769,0.000862959035729021,0.00044665846233037,0.00142059164437862
"High-income","Shigella spp.",19.9895306326056,6.14619978478712,43.0783530894293,0.00252880404313085,0.00077753375761148,0.00544968841270724
"Latin America and Caribbean","Shigella spp.",10.1025189344278,5.71479995650439,15.6779891251793,0.00159012997845689,0.000899505835198562,0.00246770539819639
"North Africa and Middle East","Shigella spp.",66.264670869621,33.7823410349097,111.823679140929,0.0105598467942792,0.00538350739540583,0.0178200676801702
"South Asia","Shigella spp.",1391.49286840139,560.577417379108,2743.84065881923,0.0766400722527967,0.030875252577168,0.151124127990433
"Southeast Asia, East Asia, and Oceania","Shigella spp.",44.9143126707918,21.8193863007934,81.2049544066573,0.00193278245088405,0.000938946282899667,0.00349446538239232
"Sub-Saharan Africa","Shigella spp.",1067.05417093349,636.307894833888,1625.35284721032,0.100020235956688,0.0596442687878834,0.152352316985587
"Central Europe, Eastern Europe, and Central Asia","H. influenzae",0,0,0,0,0,0
"High-income","H. influenzae",0,0,0,0,0,0
"Latin America and Caribbean","H. influenzae",0,0,0,0,0,0
"North Africa and Middle East","H. influenzae",0,0,0,0,0,0
"South Asia","H. influenzae",0,0,0,0,0,0
"Southeast Asia, East Asia, and Oceania","H. influenzae",0,0,0,0,0,0
"Sub-Saharan Africa","H. influenzae",0,0,0,0,0,0
"Central Europe, Eastern Europe, and Central Asia","Morganella spp.",5.00125511942556,1.49186927950417,9.07854430813767,0.00121706613750139,0.000363049582216008,0.00220928318819885
"High-income","Morganella spp.",22.2395869062089,8.2728136750631,33.2919587733883,0.00281345061670667,0.00104656407666941,0.00421164666130612
"Latin America and Caribbean","Morganella spp.",16.5381274805435,5.76077067310828,28.5062990546238,0.00260309062175921,0.000906741596405985,0.00448687312499276
"North Africa and Middle East","Morganella spp.",14.4456945821166,5.53919282166409,25.2392249352696,0.00230204601671135,0.000882718148194411,0.00402208816591264
"South Asia","Morganella spp.",99.284306972262,31.2598944090067,176.143148832758,0.00546834025004004,0.00172171961533186,0.00970153995031727
"Southeast Asia, East Asia, and Oceania","Morganella spp.",30.547244287269,9.58066699151499,57.096948428126,0.00131452924848378,0.000412281607528779,0.00245703370170193
"Sub-Saharan Africa","Morganella spp.",11.5441772396743,4.13868608810598,22.2265849346595,0.00108209251497319,0.000387939403976919,0.00208340713174025
