"region","drug","avertable_burden","lower_bound","upper_bound","avertable_burden_per_100k","lower_bound_per_100k","upper_bound_per_100k"
"Andean Latin America","J01C",150.914883385574,74.0337587802061,237.0305785688,0.249629704297989,0.122459925076801,0.392074472115101
"Australasia","J01C",29.0604266534811,15.4365746739382,45.9290955613414,0.116412796172203,0.0618371795618111,0.18398678394199
"Caribbean","J01C",90.4754809847362,55.5745709682857,128.501661151041,0.20918504387426,0.128491928860321,0.297103981467983
"Central Asia","J01C",104.166943564015,68.1513507177122,146.188951320794,0.115294636539142,0.0754316575087131,0.161805669168082
"Central Europe","J01C",196.566333818142,110.754332809384,300.826289072772,0.17588676569643,0.0991025319866383,0.2691781547415
"Central Latin America","J01C",437.196766097664,248.918819163412,654.789591008642,0.173392762369824,0.0987215025532402,0.259690337989906
"Central Sub-Saharan Africa","J01C",181.105599774543,125.09047734268,239.832001995649,0.133622444534671,0.0922936418937136,0.176951670319404
"East Asia","J01C",1841.98771205146,974.423620758068,2947.83987408767,0.123545644079139,0.0653564587021085,0.197717266789322
"Eastern Europe","J01C",279.773749711481,171.25557437863,425.872258882487,0.133977558823334,0.0820105668019189,0.203940954698199
"Eastern Sub-Saharan Africa","J01C",526.471128658559,384.164516625183,691.990444627067,0.128029458287495,0.093422739214818,0.168281140110124
"High-income Asia Pacific","J01C",820.918273034973,400.811460465028,1296.88645121189,0.445008376441631,0.217274317236622,0.703024104883537
"High-income North America","J01C",883.510158951433,495.46537422463,1447.82344224439,0.241658875740135,0.135520349245776,0.396010596797477
"North Africa and Middle East","J01C",876.248552028295,536.643532423776,1263.77077414872,0.139637763859623,0.0855187751054515,0.201392772090509
"Oceania","J01C",21.2278061633493,15.4485604296344,28.3263702004604,0.120181370694689,0.0874621311974643,0.160369939846832
"South Asia","J01C",2327.96508056764,1517.39483701098,3245.74401654315,0.128185302391712,0.0835526776812508,0.178721185175691
"Southeast Asia","J01C",1020.24526555022,641.45340249812,1430.94638613813,0.15531393968102,0.0976497107389653,0.217835777540778
"Southern Latin America","J01C",229.376163359819,114.963219228375,359.830932168308,0.342645997279161,0.171734003768892,0.537521540157986
"Southern Sub-Saharan Africa","J01C",115.611624093562,71.8739481983941,167.532849925614,0.141202531200957,0.0877834170446955,0.204616643475767
"Tropical Latin America","J01C",420.027168709797,227.392148515119,646.957566768347,0.197627625680674,0.106990627647992,0.304400994414989
"Western Europe","J01C",610.617337046221,335.474129402407,938.896158919819,0.143718123504751,0.0789589640466669,0.220983561944886
"Western Sub-Saharan Africa","J01C",925.849749054635,687.028324451172,1191.35918978016,0.211277228953208,0.156778614187261,0.271866000462499
"Andean Latin America","J01D",48.6270651267513,27.682090855927,68.0338223004604,0.0804344781386245,0.0457892024940974,0.112535374657085
"Australasia","J01D",7.41232940209146,3.6066983643847,10.9990286455853,0.0296929567530467,0.0144480274344987,0.0440608699617065
"Caribbean","J01D",39.7799610878287,17.9794414482937,61.6217217284667,0.0919737901904902,0.0415696076689609,0.142473324519285
"Central Asia","J01D",59.517935018715,39.4729193889226,81.7831315761083,0.0658759722687454,0.043689636446786,0.0905196611082827
"Central Europe","J01D",85.2982063607149,54.5191684430125,119.364405892991,0.0763244923231514,0.0487835328646462,0.106806790786553
"Central Latin America","J01D",182.90033121148,108.86366430368,252.353067386692,0.0725384909641117,0.0431754599737812,0.100083529522042
"Central Sub-Saharan Africa","J01D",71.9722240848406,49.2481936921469,94.6667237269108,0.0531021930453052,0.0363360604987028,0.0698465373584561
"East Asia","J01D",1174.38204956387,110.069020638137,2111.9081109857,0.0787680535321045,0.00738254004569539,0.141649722254172
"Eastern Europe","J01D",202.748417309265,124.700464285549,287.374397657168,0.0970918037678758,0.0597163379564504,0.137617343679093
"Eastern Sub-Saharan Africa","J01D",239.066673500162,162.279201163034,322.774710901733,0.0581372368524877,0.0394637371078048,0.078493708650171
"High-income Asia Pacific","J01D",95.546084648335,46.0962842530401,147.107371798268,0.051794203395566,0.0249881544719414,0.079744859917077
"High-income North America","J01D",161.450462832785,79.6853109628136,241.348753754874,0.0441601456877418,0.0217956324159654,0.0660140326659125
"North Africa and Middle East","J01D",414.678710114385,261.333057734156,579.922171966871,0.0660826288003907,0.041645676583574,0.0924155995677524
"Oceania","J01D",10.4868047646515,6.87347682535208,13.9219459352018,0.0593711173507606,0.0389142363536005,0.0788191927302728
"South Asia","J01D",2745.36323759904,1848.31104526359,3676.3612484879,0.151168597726952,0.101773996624246,0.202432365619369
"Southeast Asia","J01D",508.5713766827,273.739254862001,734.300991087586,0.0774208190801959,0.041671864162031,0.111784081424759
"Southern Latin America","J01D",64.0944221392191,39.0725718323135,89.7918920627742,0.0957453332213654,0.0583672694914817,0.134132648976121
"Southern Sub-Saharan Africa","J01D",69.7579972491006,42.1459650083982,96.7379241874723,0.0851990953358722,0.051475074290771,0.118151093071255
"Tropical Latin America","J01D",187.310476942549,116.494200704774,264.529007139021,0.088131739041973,0.0548118645790719,0.124463947808744
"Western Europe","J01D",152.964827096689,105.233900559767,203.69975266208,0.0360026101107914,0.0247684069874198,0.0479438503213676
"Western Sub-Saharan Africa","J01D",411.084466793786,298.272125049077,527.437800398667,0.0938087277104969,0.0680651564886204,0.1203603468351
"Andean Latin America","J01G",21.5880541594454,14.946711923368,28.1304606007521,0.0357090000356218,0.024723494422514,0.0465308550356223
"Australasia","J01G",1.16779155639535,0.758738814112951,1.61339205613816,0.00467804144953896,0.00303942223452144,0.00646306686466228
"Caribbean","J01G",11.1118611570578,6.93542211655292,15.4857352615581,0.0256913269580293,0.0160351353090059,0.0358040009829925
"Central Asia","J01G",17.3729864711051,12.2576625585024,23.2359062138148,0.0192288656290905,0.0135670943309716,0.0257180951069475
"Central Europe","J01G",33.0411008137146,21.9813195284091,45.9309775548745,0.0295650442488823,0.0196687963930211,0.0410988541653138
"Central Latin America","J01G",36.2194339472659,21.0533519216409,53.1173419653895,0.0143646709916078,0.00834978465056143,0.0210664016006561
"Central Sub-Saharan Africa","J01G",56.2128562944686,42.9889288224665,71.2026067967442,0.0414746936687427,0.0317178804207931,0.0525343577960385
"East Asia","J01G",81.8670786673419,12.4435717450882,164.358099521509,0.00549098177835823,0.000834614191958818,0.0110238125543157
"Eastern Europe","J01G",79.8602489836672,53.8645024900653,111.320412973336,0.0382433348978927,0.0257945377587946,0.0533089226303526
"Eastern Sub-Saharan Africa","J01G",191.090935614456,149.241973080656,233.397709780159,0.0464702955938088,0.0362932892748717,0.0567586344664978
"High-income Asia Pacific","J01G",17.1995369035705,9.53874937048008,24.9225969522856,0.00932362970154,0.00517082334511529,0.013510193122444
"High-income North America","J01G",34.4458548624532,21.6206033418224,47.6511909300942,0.00942167611275409,0.00591369623028342,0.0130336172268938
"North Africa and Middle East","J01G",94.0379974164467,61.5104334629102,129.695033265818,0.0149857659070295,0.00980221806120549,0.0206680220891862
"Oceania","J01G",3.16142440523354,2.33246778017091,4.03676574794594,0.0178984260288093,0.0132052823907032,0.0228541770651334
"South Asia","J01G",661.054706446746,468.653624747786,869.137824937427,0.036399814649573,0.025805587509336,0.0478575455618573
"Southeast Asia","J01G",95.0348692114927,52.4645863580625,140.617578798437,0.0144673447088697,0.00798678697774821,0.0214064900755145
"Southern Latin America","J01G",15.1320623195412,9.80786288083096,20.5961956493529,0.0226045309522248,0.0146511516661294,0.0307669458546077
"Southern Sub-Saharan Africa","J01G",11.7075790417689,7.32825607917713,15.8043235132706,0.0142990794212456,0.00895038293754265,0.0193026479948644
"Tropical Latin America","J01G",50.9200676403769,34.1646342609266,68.524465593783,0.0239584789197763,0.0160748543290077,0.0322415511309293
"Western Europe","J01G",54.4063587992374,37.5803489599128,71.9235638478188,0.0128053681396877,0.00884510953995984,0.0169283100967706
"Western Sub-Saharan Africa","J01G",298.718335913389,239.589498911381,358.701491492636,0.0681669809963626,0.0546738879261684,0.0818550280121906
"Andean Latin America","J01M",113.639119300969,95.3985734152778,132.691860280488,0.187971518192198,0.157799662550594,0.219486833249838
"Australasia","J01M",13.9175462064631,11.1567972498256,16.9136212868432,0.055752122605403,0.0446928732212181,0.0677540619371204
"Caribbean","J01M",106.744151181148,85.5696262583898,131.167655263057,0.24679924002743,0.197842396949348,0.30326792875205
"Central Asia","J01M",148.943002129587,122.035289061783,181.060151423709,0.164853923020467,0.135071778204578,0.200402005049614
"Central Europe","J01M",260.980246134948,212.045388999793,311.410763029066,0.23352407562224,0.189737362078087,0.278649099509148
"Central Latin America","J01M",444.838156349389,371.351226226932,534.745704866214,0.176423346918559,0.147278342197356,0.212080788610955
"Central Sub-Saharan Africa","J01M",282.19537380956,239.05533584154,328.317783024268,0.208208005339155,0.176378634310421,0.242237814879942
"East Asia","J01M",2030.51651768204,1509.60157731989,2697.60033110108,0.136190632189924,0.101251869354306,0.180933221320356
"Eastern Europe","J01M",520.961024520192,427.157264023093,622.009991335388,0.249476894738328,0.204556315688969,0.297867045384989
"Eastern Sub-Saharan Africa","J01M",823.050777557013,712.948273951962,941.467988319801,0.200152941837892,0.173377752990274,0.228950136062969
"High-income Asia Pacific","J01M",291.845949768589,235.400677274173,356.810854469411,0.158205629651092,0.127607432612939,0.193422200796131
"High-income North America","J01M",509.338907376731,426.252702014667,598.611675329387,0.139315056516668,0.11658920693375,0.163733062941464
"North Africa and Middle East","J01M",842.583869562037,685.645439588003,1027.56621436019,0.134273006371863,0.109263514060021,0.163751538372096
"Oceania","J01M",22.7239517233686,19.0261001530428,26.7421199398769,0.128651809079996,0.107716396964044,0.151400696092897
"South Asia","J01M",5631.86835262985,4650.46477542054,6717.46143354599,0.310108924673448,0.256069662932371,0.369885198172213
"Southeast Asia","J01M",1303.03367413375,1078.97927851779,1540.65856263798,0.19836337427903,0.164255133779431,0.23453747755208
"Southern Latin America","J01M",139.531497312557,114.354904779895,166.052246295782,0.208434513631292,0.170825293344035,0.248051657587495
"Southern Sub-Saharan Africa","J01M",137.773658354897,112.000083325561,167.836224071741,0.168270184292054,0.136791567321023,0.204987170208437
"Tropical Latin America","J01M",412.273160429133,335.838381750441,490.643224440005,0.193979275382947,0.15801583074174,0.230853294086275
"Western Europe","J01M",569.850736032151,468.591054568057,689.518865881096,0.13412308084227,0.110290067064597,0.162288804318791
"Western Sub-Saharan Africa","J01M",1266.17868026439,1097.29871282409,1438.85286866501,0.288939672121793,0.250401570682626,0.328343607883809
"Andean Latin America","Other",0,0,0,0,0,0
"Australasia","Other",0,0,0,0,0,0
"Caribbean","Other",0,0,0,0,0,0
"Central Asia","Other",0,0,0,0,0,0
"Central Europe","Other",0,0,0,0,0,0
"Central Latin America","Other",0,0,0,0,0,0
"Central Sub-Saharan Africa","Other",0,0,0,0,0,0
"East Asia","Other",0,0,0,0,0,0
"Eastern Europe","Other",0,0,0,0,0,0
"Eastern Sub-Saharan Africa","Other",0,0,0,0,0,0
"High-income Asia Pacific","Other",0,0,0,0,0,0
"High-income North America","Other",0,0,0,0,0,0
"North Africa and Middle East","Other",0,0,0,0,0,0
"Oceania","Other",0,0,0,0,0,0
"South Asia","Other",0,0,0,0,0,0
"Southeast Asia","Other",0,0,0,0,0,0
"Southern Latin America","Other",0,0,0,0,0,0
"Southern Sub-Saharan Africa","Other",0,0,0,0,0,0
"Tropical Latin America","Other",0,0,0,0,0,0
"Western Europe","Other",0,0,0,0,0,0
"Western Sub-Saharan Africa","Other",0,0,0,0,0,0
"Andean Latin America","J01E",5.89666231146485,-6.1867248310546,17.347675169811,0.00975372366286292,-0.0102335187590704,0.028694949933026
"Australasia","J01E",0.42368886027529,-1.18522621351458,1.90912907698406,0.00169724985526845,-0.0047478827223377,0.00764775606206554
"Caribbean","J01E",4.07602349349477,-1.87345293378081,9.79204583098097,0.0094240245427716,-0.00433154187061372,0.0226398303106904
"Central Asia","J01E",6.49197608081303,-4.01008183039937,17.0596746377775,0.00718548511695713,-0.00443846110204804,0.0188820840810198
"Central Europe","J01E",5.04357102345117,-12.5031322471734,20.241611395978,0.00451296708670254,-0.0111877524971527,0.0181121125462736
"Central Latin America","J01E",11.3476228678118,-15.7943300967082,35.453078795378,0.00450048085429192,-0.0062640502803658,0.014060733618218
"Central Sub-Saharan Africa","J01E",18.2641193582835,-12.2578274398475,49.8455150462144,0.0134755428819706,-0.00904401006504289,0.0367767732077666
"East Asia","J01E",64.2178254720018,-65.658492375129,189.899890114121,0.00430721256031842,-0.00440384084903383,0.0127369493733363
"Eastern Europe","J01E",13.2805116817419,-29.6655832861965,50.524270014325,0.00635974796377236,-0.0142062020967073,0.0241949731339375
"Eastern Sub-Saharan Africa","J01E",67.7103525338484,-33.2280605798294,183.042437675999,0.0164660876607844,-0.00808053920605141,0.0445130280913832
"High-income Asia Pacific","J01E",6.39580408277894,-10.7580018934515,21.4623688926547,0.00346707642454312,-0.00583176317742518,0.0116344516247658
"High-income North America","J01E",6.16579812432129,-16.2699206479038,26.5822830631956,0.00168647731740006,-0.0044501703713514,0.0072708214779124
"North Africa and Middle East","J01E",28.0013087899499,-20.865418044495,77.3014161793489,0.00446225004939598,-0.00332508431652784,0.0123186473443871
"Oceania","J01E",1.68603951893681,-0.817031847471073,4.24120696847423,0.00954552434066832,-0.00462563142769884,0.0240116224422259
"South Asia","J01E",93.127791377441,-70.7691342596725,269.795061714053,0.00512791802524748,-0.00389677789877492,0.0148557905177743
"Southeast Asia","J01E",40.6591873236802,-39.0006822336378,116.1883882472,0.00618962790683836,-0.00593715042106772,0.0176875864394513
"Southern Latin America","J01E",4.27745079481843,-4.92347340401724,12.6271436819638,0.0063897284353124,-0.00735476794923335,0.0188626410709757
"Southern Sub-Saharan Africa","J01E",11.1742375542254,-8.36149166197653,30.1013827496372,0.0136476815308858,-0.0102123276663884,0.0367643951914199
"Tropical Latin America","J01E",10.0831413414324,-18.2543370665487,35.7153168937074,0.00474423425711,-0.00858887605751344,0.0168044683866937
"Western Europe","J01E",6.55002433312608,-47.9008475795214,57.3750603166236,0.00154164834333239,-0.0112741966379753,0.0135040974181395
"Western Sub-Saharan Africa","J01E",106.036096007896,-40.6777589985363,263.054516367021,0.024197244268241,-0.0092825906255444,0.0600285622352864
"Andean Latin America","J01X",0,0,0,0,0,0
"Australasia","J01X",0,0,0,0,0,0
"Caribbean","J01X",0,0,0,0,0,0
"Central Asia","J01X",0,0,0,0,0,0
"Central Europe","J01X",0,0,0,0,0,0
"Central Latin America","J01X",0,0,0,0,0,0
"Central Sub-Saharan Africa","J01X",0,0,0,0,0,0
"East Asia","J01X",0,0,0,0,0,0
"Eastern Europe","J01X",0,0,0,0,0,0
"Eastern Sub-Saharan Africa","J01X",0,0,0,0,0,0
"High-income Asia Pacific","J01X",0,0,0,0,0,0
"High-income North America","J01X",0,0,0,0,0,0
"North Africa and Middle East","J01X",0,0,0,0,0,0
"Oceania","J01X",0,0,0,0,0,0
"South Asia","J01X",0,0,0,0,0,0
"Southeast Asia","J01X",0,0,0,0,0,0
"Southern Latin America","J01X",0,0,0,0,0,0
"Southern Sub-Saharan Africa","J01X",0,0,0,0,0,0
"Tropical Latin America","J01X",0,0,0,0,0,0
"Western Europe","J01X",0,0,0,0,0,0
"Western Sub-Saharan Africa","J01X",0,0,0,0,0,0
"Andean Latin America","J01F",18.6642476031443,5.69995226129077,30.4702028248848,0.0308727045709181,0.00942834374965753,0.050401044286947
"Australasia","J01F",0.870824049847867,-1.82789696837496,3.41260648281897,0.00348842306500164,-0.00732234938394242,0.0136705172170194
"Caribbean","J01F",9.40737333111998,2.19119762784381,16.5870806102565,0.0217504431210913,0.00506618773317172,0.0383503812020383
"Central Asia","J01F",9.44112436674931,2.60153276458703,16.9757644825539,0.0104496778454123,0.002879442981385,0.0187892101757535
"Central Europe","J01F",16.3133497187123,0.00756026165244748,31.4852943046458,0.014597119781222,6.76489174945892e-06,0.0281729148358022
"Central Latin America","J01F",29.0741596660818,5.44400837867727,52.5127313129353,0.0115308466324682,0.00215910025952126,0.0208266122899459
"Central Sub-Saharan Africa","J01F",11.2555569038655,-17.6958633904417,40.7713115476783,0.00830451973857198,-0.0130562750534829,0.0300816889299259
"East Asia","J01F",217.800973225341,-210.518346967878,600.943765773102,0.0146083284606822,-0.0141198687681016,0.0403064494469913
"Eastern Europe","J01F",4.49395709776156,-16.1043581529485,24.9504780134552,0.00215205823289639,-0.00771202657137689,0.0119482408166073
"Eastern Sub-Saharan Africa","J01F",12.0902410183069,-63.0660851818707,87.4185968352219,0.00294015554486935,-0.0153366752374839,0.0212588212113052
"High-income Asia Pacific","J01F",96.5404929187011,24.2933442946975,167.945363640683,0.052333258286231,0.0131690840099747,0.0910408454282945
"High-income North America","J01F",44.1840056254786,-24.0957139028539,112.869962437546,0.012085268083189,-0.00659069176842335,0.0308723424978614
"North Africa and Middle East","J01F",69.849591386497,8.18845346135818,128.18122043473,0.0111311347963333,0.00130490067934027,0.0204267829588666
"Oceania","J01F",3.62995201769636,0.157700189252507,7.2993001482852,0.0205509983314201,0.000892820706828416,0.0413250380271257
"South Asia","J01F",340.205588945219,129.168089750107,568.269930892548,0.0187328223512957,0.00711241366212412,0.0312907841872853
"Southeast Asia","J01F",60.37414562371,-6.24207222365693,124.284993108129,0.00919087471250062,-0.000950242908803676,0.0189201484923742
"Southern Latin America","J01F",16.727439150262,4.0854036744155,28.5414567128579,0.0249877318794322,0.00610284519456421,0.0426357113831224
"Southern Sub-Saharan Africa","J01F",14.1610638735757,0.475389514195725,27.8324928497973,0.0172956489377669,0.000580618110307886,0.0339932811327297
"Tropical Latin America","J01F",62.9248632405221,15.2846795447044,105.509527998651,0.0296068736617785,0.00719161795411605,0.0496434494204555
"Western Europe","J01F",40.0800760566589,-6.04862964460177,86.5294700856624,0.00943345852028224,-0.0014236374396156,0.0203660333798065
"Western Sub-Saharan Africa","J01F",69.7513473290496,-33.0897756318645,176.361304030988,0.0159171306083756,-0.00755102662102809,0.040245328843355
"Andean Latin America","Multi-drug resistance in Salmonella Typhi and Paratyphi",0,0,0,0,0,0
"Australasia","Multi-drug resistance in Salmonella Typhi and Paratyphi",0,0,0,0,0,0
"Caribbean","Multi-drug resistance in Salmonella Typhi and Paratyphi",0,0,0,0,0,0
"Central Asia","Multi-drug resistance in Salmonella Typhi and Paratyphi",0,0,0,0,0,0
"Central Europe","Multi-drug resistance in Salmonella Typhi and Paratyphi",0,0,0,0,0,0
"Central Latin America","Multi-drug resistance in Salmonella Typhi and Paratyphi",0,0,0,0,0,0
"Central Sub-Saharan Africa","Multi-drug resistance in Salmonella Typhi and Paratyphi",0,0,0,0,0,0
"East Asia","Multi-drug resistance in Salmonella Typhi and Paratyphi",0,0,0,0,0,0
"Eastern Europe","Multi-drug resistance in Salmonella Typhi and Paratyphi",0,0,0,0,0,0
"Eastern Sub-Saharan Africa","Multi-drug resistance in Salmonella Typhi and Paratyphi",0,0,0,0,0,0
"High-income Asia Pacific","Multi-drug resistance in Salmonella Typhi and Paratyphi",0,0,0,0,0,0
"High-income North America","Multi-drug resistance in Salmonella Typhi and Paratyphi",0,0,0,0,0,0
"North Africa and Middle East","Multi-drug resistance in Salmonella Typhi and Paratyphi",0,0,0,0,0,0
"Oceania","Multi-drug resistance in Salmonella Typhi and Paratyphi",0,0,0,0,0,0
"South Asia","Multi-drug resistance in Salmonella Typhi and Paratyphi",0,0,0,0,0,0
"Southeast Asia","Multi-drug resistance in Salmonella Typhi and Paratyphi",0,0,0,0,0,0
"Southern Latin America","Multi-drug resistance in Salmonella Typhi and Paratyphi",0,0,0,0,0,0
"Southern Sub-Saharan Africa","Multi-drug resistance in Salmonella Typhi and Paratyphi",0,0,0,0,0,0
"Tropical Latin America","Multi-drug resistance in Salmonella Typhi and Paratyphi",0,0,0,0,0,0
"Western Europe","Multi-drug resistance in Salmonella Typhi and Paratyphi",0,0,0,0,0,0
"Western Sub-Saharan Africa","Multi-drug resistance in Salmonella Typhi and Paratyphi",0,0,0,0,0,0
