"Antibiotic","Pathogen","Response","Lower_CI","Upper_CI","R_squared","White_test_p_value","RMSE","AIC","BIC","Model_Singular","Bootstrap_Singular_Proportion","Variation_Explained.Consumption","Variation_Explained.PC1","Variation_Explained.PC2","Variation_Explained.PC3","Variation_Explained.GDP","Variation_Explained.Year","VIF.Consumption","VIF.PC1","VIF.PC2","VIF.PC3","VIF.GDP","VIF.Year"
"J01A","Acinetobacter spp.",0.0993584723210911,-0.24186848258517,0.638354740806031,0.278328506770169,4.1232418798034e-08,1.54591152672359,2016.90475158303,2050.73283961176,FALSE,0,0.0108757467603159,0.135650745114201,0.186896396894908,0.571428758512786,0.016513119991816,0.0786352327259734,2.0361450437017,18.0993334650874,17.308190329325,1.62001556992179,2.80459594212955,1.29904839830333
"J01A","E. coli",-0.10871489162889,-0.225160405320597,0.0932126225371371,0.420242826652753,2.10736778181024e-05,1.15358500893074,2478.86008605885,2515.70246942643,FALSE,0,0.00892007118227888,5.70414513703662e-05,0.000105412200201621,0.000198262988107148,0.00104659315721053,0.989672619020831,1.98349639372492,9.1109008828534,10.5131598624921,1.39019202817161,2.96727021818519,1.15890925766955
"J01A","E. faecalis",-0.0526990543490833,-0.219618989672142,0.137858239133185,0.249156787960028,3.13036421948515e-08,1.48856531647609,2147.29233154835,2182.15506968041,FALSE,0,0.00317579809288086,0.00137784886738909,0.00488235780831348,0.00118186760821108,0.0602391506004654,0.92914297702274,2.05709048337235,10.0196798516356,11.7737837410032,1.4946056606587,3.09999729383878,1.18533535203839
"J01A","E. faecium",0.159572410009473,-0.083362806498526,0.383472542312022,0.133694180091822,7.85177223224292e-18,1.64959137492316,2124.60613307478,2159.04172349415,FALSE,0,0.0541120819134495,0.0018799138332891,0.00912010980593382,0.00869315415815787,0.137638998108217,0.788555742180952,1.97005181593535,9.37669121150692,10.5384939139211,1.27076809332716,2.69695016294429,1.19220258694149
"J01A","Enterococcus spp.",0.0648486893432849,-0.33394531008714,0.359352321822336,0.131740620069527,2.92301102555234e-11,1.66186069421215,1158.16385774825,1187.21355200282,FALSE,0,0.00758198885143799,0.0162620244249256,0.0219253871027625,0.0143891360882789,0.102263297041951,0.837578166490644,1.82159406534368,23.7572421166464,28.1674800531547,1.56506248327113,3.44957474307609,1.22820289342981
"J01A","H. influenzae",0.021121882641648,-0.047725042972046,0.0685155362995125,0.0395283924485601,0.886389277028731,0.529322419509262,994.794467060603,1029.48907290977,FALSE,0,0.0316924600422454,0.00014977953081224,0.0103506177835623,0.0988564738602598,0.0122255794247284,0.846725089358392,1.91627469592211,14.2936805321512,15.9664729927358,1.32047033491381,2.45250771594344,1.24443250619977
"J01A","K. pneumoniae",-0.0927351240477417,-0.217522173917994,0.0879201149911426,0.3745389788016,0.0275533589180427,1.19313096146587,2574.04013753145,2610.84997848128,FALSE,0,0.00655563453189615,0.000349816363205065,0.00230298607932066,0.000161773569898694,0.00382954905961857,0.986800240396061,1.98089676718252,8.75075695689855,9.98675533688755,1.43133736643821,2.93672014998637,1.16669268454007
"J01A","Morganella spp.",0.0565563874440498,-0.231154194943592,0.406689962728724,0.0485827418011488,0.000341229075019952,1.10967660386406,804.488508998474,832.660196341372,FALSE,0,0.0226577961310621,0.12346500594861,0.098071085901121,0.149739704394333,0.0655817449248943,0.54048466269998,1.76689349466676,10.0955755825548,11.3520524066302,1.13354015869395,2.50153450966254,1.02890697376584
"J01A","S. agalactiae",0.0488957239635316,-0.104725274349424,0.247991055890172,0.251533552161369,3.0731362596795e-17,1.6091162328379,2059.16485665385,2094.08286270866,FALSE,0,0.00409833209689846,0.0129845105389767,0.0376286497543148,0.0248137065281315,0.00552445185433179,0.914950349227347,1.9325257781531,8.99721484933188,10.1442091810075,1.54773056666208,2.66002588780246,1.18351374514746
"J01A","S. aureus",0.0866025659196848,-0.208859824815257,0.354312318141407,0.0665683963559261,4.83048723523532e-21,0.815206391589798,1890.01321495198,1925.39919066025,FALSE,0,0.105889095636816,0.0946069611025163,0.00125690244474931,0.00113761588549121,0.778869327151427,0.0182400977789999,1.97757518672216,8.10153836047963,9.27750477049211,1.28180676752697,2.80393663134622,1.13528292720805
"J01A","S. pyogenes",-0.0170459539089805,-0.144085551796085,0.148039467796604,0.201555480764646,0.00540149127444995,0.476686495903447,377.813697692716,406.329860951298,FALSE,0,0.00546818880144671,0.257269943634997,0.0708229539952456,0.0115401870143902,0.0382909624166662,0.616607764137254,1.6239708605592,9.84926022982337,11.9537886317293,1.12370484312358,2.40788758956352,1.0188468253014
"J01C","Acinetobacter spp.",0.324648208469041,0.0199913882645709,0.610325645322089,0.308528719348448,2.1864824609479e-07,1.23350236912751,1714.65505943552,1749.93645849125,FALSE,0,0.188004519804887,0.022603328323146,0.0485804099102734,0.00900164513555166,0.495744338962912,0.23606575786323,1.62632506841979,10.2031144989411,11.06174239821,1.27860815117955,1.94828307788782,1.178101956922
"J01C","E. coli",0.0213483853745728,-0.0395607243237463,0.0911593344915112,0.407217978201599,8.37606408651447e-06,0.248439806549529,-360.524206780164,-325.190348520065,FALSE,0,0.0210308365879394,0.0856141205165036,0.125382271643902,0.0269266715363924,0.571404303203459,0.169641796511803,1.48163644393053,8.52257114994748,9.7147909661666,1.36538670105071,2.02727919075973,1.13166879395557
"J01C","E. faecalis",-0.0283998107126374,-0.283874469069023,0.217570395361578,0.0511120262410395,0.00149136808084916,0.877136873244667,1843.1303947662,1878.73415814335,FALSE,0,0.0113092686990559,0.0207612130979472,0.0171874334589146,0.00825234628348836,0.165916474159297,0.776573264301297,1.55788367763519,10.6609413863927,12.2811975917926,1.49563478210287,1.93159489185468,1.15897401849036
"J01C","E. faecium",0.0316588304786911,-0.0211892017709858,0.109718583154168,0.0293164853065226,0.519053371022231,0.676312044537699,648.112090930427,683.260816962032,FALSE,0,0.148886087079689,0.0198028122869989,0.0198883793963874,0.00894161219535317,0.22541183323949,0.577069275802081,1.33815948275962,9.88154889198103,10.9054487628958,1.25680020366379,1.76883045697137,1.15511070628932
"J01C","Enterococcus spp.",-0.190792259289334,-0.798769020634112,0.647402432470207,0.107010389075155,0.012901661820168,2.19005544896607,1263.10345597727,1292.35139046383,FALSE,0,0.0205352889133879,0.0172282285788812,0.0457386384110581,0.0501896851459572,0.00582807113368662,0.860480087817029,2.3431188859656,24.3372610917559,27.7541577178166,1.52328323802071,2.65850380957274,1.22503715710205
"J01C","H. influenzae",0.205843618364308,-0.142204640979067,0.475918085129282,0.0977719424722411,0.00255473769894739,1.42490680693965,2200.55822897575,2236.61645067484,FALSE,0,0.177325062989872,0.120559018679613,0.0209291495669451,0.0650660566184268,0.486671868463164,0.129448843681979,1.27730100885277,13.7645962933136,15.3979220044566,1.29816575318019,1.72214538210988,1.21181144288088
"J01C","K. pneumoniae",0.0138158367779975,-0.153352442540157,0.277535401697227,0.310232263097652,1.89659526502841e-41,0.717797467416173,2184.63755949486,2220.83779675761,FALSE,0,0.000224142926621657,0.00338211739092866,0.00443985096899936,0.0168283974890891,0.30236814980103,0.672757341423331,1.40727413835765,5.79113188973685,6.11834085090382,1.31419492418767,1.71253586508484,1.25318335243071
"J01C","Morganella spp.",0.000225333965337517,-0.000755103396100814,0.000814847504790065,0.0120883470502142,0.801278558911191,0.00775374754795717,-1924.26333343507,-1896.09164609218,FALSE,0,0.048429071215335,0.366425905023822,0.355629896445577,0.168141008552663,0.00118211733439469,0.0601920014282085,1.32091421542914,10.1719043680066,11.1843833362791,1.11936195782156,1.92424873965932,1.02749415572506
"J01C","P. aeruginosa",0.0438749905871577,-0.230034125808347,0.301966065486536,0.304077242568611,3.26787860594696e-14,0.811618391843125,2090.3469545567,2128.53159756195,FALSE,0,0.00528432780750705,0.0584878887928116,0.020867092381325,0.207110761528242,0.680986605939027,0.0272633235510867,1.26376072488434,7.00887902351565,7.37643755939148,1.29163263561581,1.45289893030981,1.10423510167491
"J01C","S. aureus",0.746902206789379,0.156464000580204,1.57633601364193,0.411153881188195,6.69709070102675e-61,1.0829562059383,2382.38779765234,2419.14310533034,FALSE,0,0.303451589069743,0.00190956416288061,0.0073804076422722,0.0425530404424502,0.628277478331905,0.016427920350749,1.14213038751922,4.73180740539751,5.18155627556225,1.26006564770796,1.36663753353351,1.25237101864809
"J01C","S. pneumoniae",0.315812824602497,-0.31186589669619,0.933685205240657,0.298712921591235,3.47448668686558e-14,1.25154177331605,3403.50016620769,3441.60200226315,FALSE,0,0.107568446403304,0.16796438052497,0.284613316524191,0.219098293039754,0.0275202058999897,0.19323535760779,1.08417195485228,7.26354248876433,7.77262918749057,1.33197697509931,1.4638383385043,1.16943278862683
"J01D","Acinetobacter spp.",0.300897348545489,-0.307214403093468,0.7259201139589,0.326336599353478,2.22269594217381e-18,1.27244114074561,4136.88409470167,4176.07381097631,FALSE,0,0.139456626812673,0.0127627113774112,0.0192293157493398,0.0553769822055636,0.45278325682707,0.320391107027942,1.4800049059026,14.1928280737446,15.325176656723,1.62438524053798,1.88379135502035,1.18570681824364
"J01D","E. coli",0.275601294226577,0.0806670462571023,0.376998841142494,0.0767791343679046,7.48952668010567e-81,1.59651941269372,11926.2072326564,11970.74186049,FALSE,0,0.450379071488729,0.026170895394639,0.00932173776387715,0.00854442767460799,0.329241813466819,0.176342054211328,1.57002215892455,37.7397417865828,34.3316709877525,2.6665630490288,1.70922634489263,1.07469212182131
"J01D","K. pneumoniae",0.099600895804739,-0.182667558059357,0.552314046384764,0.308354313262637,1.1784025537965e-246,1.61798346420873,9194.26431726037,9237.92057397335,FALSE,0,0.0373122847444583,0.00128431877865195,0.0047670430779814,0.533187308117871,0.40848923155152,0.0149598137295167,1.35772382639378,33.6084351334211,32.8521069400579,2.40887499797699,1.45783014545865,1.03392711497251
"J01D","Morganella spp.",0.0221480390323186,-0.0518027977851556,0.0678629089323105,0.0112652816752952,0.128425351327473,0.594373796312479,195.362555235466,223.534242578364,FALSE,0,0.237699552803055,0.0143402359915376,0.0036103636515956,0.0787336837864552,0.337333230412058,0.328282933355299,1.27202220638612,10.1639415539638,11.117613487996,1.28071616785929,1.7765439836995,1.0291839736555
"J01D","P. aeruginosa",0.352108102643182,0.129671836791137,0.549708413752768,0.496493532906636,1.53387067231664e-14,0.90122295359912,3438.43986076851,3479.94111808143,FALSE,0,0.475255404239643,0.000406386028779308,0.0188992271693493,0.00236457173914811,0.476116230398097,0.0269581804249831,1.33506770499286,5.56897874878969,5.97414489947308,1.39193658111618,1.36589845019682,1.22775663837029
"J01D","S. aureus",-0.0130626077406686,-0.0729218838249698,0.0194927938005051,0.0696356161472871,0.10954811434778,0.145361884390156,-151.888767429309,-123.653334729217,FALSE,0,0.039617609726717,0.0754217936734762,0.168824723031432,0.00106598757460234,0.68452572893805,0.0305441570557228,1.25229974178462,9.59967682123359,10.5744347548086,1.26361573702048,1.74952314718329,1.02654419961902
"J01D","S. pneumoniae",0.190230376838502,-0.134817427002194,0.610014219916016,0.175739934890195,4.85100177151698e-30,1.36132688188014,3387.37855259193,3425.29324561079,FALSE,0,0.118223144119145,0.0411048650409114,0.148624660953911,0.674215437868791,7.54587633608142e-06,0.0178243461409052,1.21492969385994,19.1749644476447,19.5815790384672,1.46631024910143,1.54738477981387,1.42205131144826
"J01D","Salmonella spp.",-0.210134061443443,-0.66777474552009,0.417033304391809,0.13683299786575,0.068040056470728,0.837267776004663,197.861224953769,215.617286595178,FALSE,0,0.249867555023479,0.0462626933281444,0.138950530980529,0.0812804859662341,0.0627326171388338,0.42090611756278,1.32500542588736,66.7604009112941,69.9361232508488,1.58099418090122,2.04563492227114,1.02007373837161
"J01E","Acinetobacter spp.",0.110940273295126,-0.0816098594024769,0.307663669091266,0.409057475662235,0.0722167658219858,0.903977142261956,109.339356031222,122.582098117996,FALSE,0,0.060389595675279,0.197095955156269,0.118843363961812,0.0405020755392387,0.583169009667401,NA,1.16096380775612,10.0699740653913,10.7232908392307,1.09596097757393,1.74599452512298,NA
"J01E","E. coli",0.0014133715496539,-0.361370080683774,0.24204323144919,0.603892503559152,0.064810122582977,0.422335625962175,242.575880666318,261.731473903697,FALSE,0,7.75795068408975e-05,0.0672629487106915,0.0140754783688634,0.0582312361281632,0.762563566185681,0.0977891910997599,2.03092815481258,18.4044741982425,25.3345698207563,2.46391447672484,3.95137964954166,1.13997283032028
"J01E","K. pneumoniae",0.0875583195145609,-0.300645522624508,0.375331055780368,0.681848913483769,3.24607893454266e-07,0.533495197041154,230.174030197787,249.52475506016,FALSE,0,0.0325358788862233,0.163170780704084,0.159443067060428,0.182841789677277,0.45522654333968,0.0067819403323078,2.07532075221011,21.7353121011611,25.1975345024095,2.02922256098013,2.78581228224727,1.07925542165319
"J01E","Morganella spp.",-0.12964130522036,-0.427316499806017,0.346139540826984,0.238079363764587,0.679538353145248,1.28062465614436,167.867300689933,181.390080119003,FALSE,0,0.0894930037292603,0.0575322855432164,0.286545227411536,0.464743094358358,0.101686388957629,NA,1.35012580755537,11.0717561436178,12.1305905629596,1.23056718929384,2.05708469426159,NA
"J01E","S. aureus",-0.0875409436635583,-0.31716818534606,0.483251107133615,0.187217230057747,7.33662340306072e-05,0.722711665320797,414.124223324708,439.800112547439,FALSE,0,0.138934207071277,0.548595201298874,0.0793012940210055,0.0199964159029446,0.0361313175751533,0.177041564130745,1.28711465483092,9.78316532482349,10.9680974112908,1.10303487070008,1.84880094077759,1.0151376990827
"J01F","E. faecalis",0.0930944663964059,0.00714774785865127,0.257502561156277,0.557774026224594,0.00110799391463789,0.306001742976754,47.7925985903223,72.1914466483186,FALSE,0,0.0202975129801611,0.00034990257393671,0.000151427490585792,0.00136849483548518,0.0131088087958347,0.964723853323997,1.7878199040346,9.68446932439589,11.7105718548156,1.16180797506415,1.81830882115345,1.127566230929
"J01F","E. faecium",0.042179139344166,-0.0574247980023508,0.110376196087337,0.0933048592971006,0.285301540598202,0.516953866588733,-21.0649145885468,3.12612957822341,FALSE,0,0.0922945870734957,5.81671276889363e-05,0.0170955864753031,0.135512651910041,0.0149566474467019,0.740082359966769,1.54106722079009,7.65985903502756,8.90921506961229,1.21302811009608,1.69228660659177,1.08832505506029
"J01F","S. agalactiae",-0.19944981905912,-0.821563408163131,0.60665881130349,0.110087079070465,0.282530405879766,1.50095133687662,918.839326167806,947.537315435008,FALSE,0,0.0558382623024402,0.181646952411305,0.488579603073335,0.0370621290220583,0.0135977464187211,0.223275306772141,1.91238302101782,9.60107445197687,11.9765619538179,1.155320383899,1.83727562712271,1.0554339244732
"J01F","S. aureus",0.197436487245861,-0.16692873968758,0.566553658979493,0.250352080781762,0.032781760663534,0.592129007158417,367.126286872109,396.060455653442,FALSE,0,0.0968404772765735,0.257636484021012,0.354929731146626,0.0374621705596876,0.0772171233546874,0.175914013641413,1.97286681310489,9.35552433140379,10.9826631139765,1.18092964015723,1.77564320971244,1.05614636197564
"J01F","S. pneumoniae",0.68389802577237,-0.0293656751286141,1.26868752281672,0.387460555642029,5.5911967329095e-14,1.20499737076609,3311.1722086498,3350.14093900669,FALSE,0,0.531760408235949,0.118416818442607,0.150424261819708,0.131289856102669,0.0387334154022774,0.0293752399967889,1.11222835190901,5.31640646317638,5.81942256697565,1.31514690114293,1.46047060225657,1.23068946165707
"J01F","S. pyogenes",-0.264103845970432,-1.0305114321838,0.640138406328579,0.0674455541592602,0.0190302860624942,1.3739495245778,885.203313793184,913.213379477542,FALSE,0,0.0786045963854715,0.204709726787668,0.525645699620359,0.136719036754937,0.0518594057161107,0.00246153473545421,1.78164217827956,8.6814101264949,10.9152905160835,1.1694042741885,1.79943150026174,1.05303161760202
"J01G","Acinetobacter spp.",0.152798518239349,-0.262868293947181,0.522877077152924,0.388528896724926,1.15157331994011e-09,1.31928741200615,2936.34962733337,2973.38453336087,FALSE,0,0.0394629424028392,0.0584906079535397,0.022170003990907,0.0962919327974955,0.782994141343326,0.000590371511892593,1.36685988478219,13.773653483888,15.4933435509528,1.42907728685088,1.82175849955614,1.20829130232727
"J01G","E. coli",0.206346835290516,-0.0104088641862359,0.323002921099203,0.451526648973557,8.23495946968976e-15,0.907745989564187,2753.83322254934,2793.8431875259,FALSE,0,0.210843711242578,0.0747888253514588,0.00428667059460439,0.0230681419091157,0.236301572708046,0.450711078194197,1.12949728143083,4.07069734902213,4.70375840015472,1.20405584339869,1.34979915301481,1.30161231209864
"J01G","E. faecalis",0.0837894530671668,-0.326220107324834,0.441757628296188,0.238378379431566,6.07938080637934e-06,0.371012583571938,411.76065597796,441.417538095951,FALSE,0,0.0563109130871138,0.0771244208300667,0.0148056169388016,0.059943617217908,0.493167509918722,0.298647922007388,1.1262930604479,3.10206561179162,3.38106252979925,1.6577855046123,1.35798396553967,1.49366908187522
"J01G","E. faecium",0.314018084819144,-0.169325067497224,0.687030190493144,0.223943220873896,0.000392962207137901,0.448851548926035,283.950379262856,310.376818527329,FALSE,0,0.448272027859999,0.00620519458264231,0.0711972400741462,0.183229395095366,0.100650388221374,0.190445754166473,1.2156348907063,3.70496293991604,4.21023303300775,1.29804873776067,1.32076279426501,1.48380348022251
"J01G","K. pneumoniae",0.434703532624277,0.123780180786031,0.722401746029254,0.519469469702127,1.95025194591171e-09,1.20417878461112,3043.95611568844,3082.63759237762,FALSE,0,0.213905655200748,0.0196171780061767,0.0133810103308989,0.0716399090868144,0.664777624588605,0.0166786227867568,1.06466620338612,4.65518374921718,5.13829084202443,1.32454968815978,1.41600191171046,1.14308500532729
"J01G","Morganella spp.",0.284891096138933,-0.0439732010440326,0.547478685139638,0.208595281353977,0.000190995126871559,1.27263612280125,868.141993319072,896.31368066197,FALSE,0,0.133491438364538,0.118271069610669,0.0192328931380539,0.0685977510410804,0.0647793633685207,0.595627484477138,1.06737081394981,9.73510489756947,10.958119906712,1.12956065125339,1.76839745721424,1.02875298381839
"J01G","P. aeruginosa",0.21863080087649,-0.0895003600765578,0.556709974418269,0.435598280371339,1.83564390859705e-13,1.15178881574634,2837.37946994207,2875.77191683854,FALSE,0,0.0605975720714372,0.0576777642197418,0.00172291176176582,0.0524195087783867,0.79658645319534,0.0309957899733283,1.03410002975643,5.33048391526028,5.88490949411748,1.23825460256252,1.37487402551639,1.1231143039207
"J01G","S. aureus",0.0920915027401585,-0.343928969117816,0.460430971585333,0.291248723061875,0.000217688499276663,0.859560537544525,490.476797159376,516.152686382107,FALSE,0,0.0210140593182344,0.323175253416358,0.198714136509596,0.0249150812290226,0.352791813841708,0.0793896556850806,1.1094950760251,8.77788344834573,10.0062374227482,1.11847709066477,1.74017344489921,1.01943451371439
"J01M","Acinetobacter spp.",1.15766916316693,0.575922046351475,1.46412587542406,0.689117703743622,9.17810842732822e-13,1.20242658193032,2096.27902608198,2132.89078263437,FALSE,0,0.624920070368592,0.00474062443361278,0.00776931089736005,0.00257692200467436,0.359971015611065,2.20566846957187e-05,1.32385195365178,6.52166832552776,7.15538459741512,1.63079455286657,1.45467175470236,1.4121298036758
"J01M","E. coli",0.704736411832154,0.403475073726026,0.830885518667272,0.824882380479854,2.95641295577665e-28,0.616411235163576,2968.77064266415,3009.03869453845,FALSE,0,0.843657517314515,0.000168672143581139,0.000996429322714666,0.00490073035506404,0.0710553230367025,0.0792213278274229,1.93001082494657,26.5243502720574,23.5598440572365,2.01018361355262,1.57693959170132,1.1185412717985
"J01M","E. faecalis",0.446788352690582,0.192651099280425,0.65915042379666,0.158664490528745,0.211517811555074,0.904598291870013,1342.06640743578,1376.92914556785,FALSE,0,0.767635121101774,0.00129102201439055,0.00173270242057626,0.00482950549830395,0.0542874696690652,0.17022417929589,1.35089690527887,9.93191425824918,11.7595143375014,1.54478246771307,1.9891692445815,1.21574065332834
"J01M","E. faecium",0.0105878650873934,-0.0762861397316211,0.0807398808691568,0.0634998920890363,0.640321026221458,0.677620852537248,382.128464612537,416.564055031913,FALSE,0,0.0167198487879843,0.0508758673051253,0.246757544541757,0.318195061990803,0.36709808861933,0.000353588755000824,1.18081194985159,8.99718548821493,10.4345190961603,1.28899934693141,1.73508867987605,1.21843025261949
"J01M","Enterococcus spp.",0.834697466114822,-0.0922549576458687,1.32970045790241,0.186948300748902,0.000866011968974117,2.00837486956492,1174.23086732421,1203.28056157878,FALSE,0,0.262793385697821,0.0828399703447035,0.0682957023712298,0.00135756903527329,0.0560981938364042,0.528615178714568,1.14411198882315,22.8719702897154,28.2092390502697,1.56530871137796,2.49500014826756,1.24567634721523
"J01M","K. pneumoniae",0.116812830421794,-0.201773271780862,0.703309179874337,0.602705766123448,1.68730510927284e-192,1.07885582122787,3591.17476925131,3630.14349960819,FALSE,0,0.0168659672995056,0.00776541980175757,0.000132793917739271,0.8688093951461,0.0596774815700157,0.0467489422648815,1.64494858235523,21.1955442309281,19.8029206352806,1.94144775029074,1.42904076746077,1.08113906413914
"J01M","Morganella spp.",0.558654805476611,0.168819228551906,0.997763830588523,0.148988985382483,0.201341589917163,1.30542542620535,815.855968688241,844.027656031139,FALSE,0,0.547682883590098,0.17985668816055,0.0124345975757126,0.0318614171188775,0.0176376932035814,0.21052672035118,1.2374162424475,9.86928374664283,10.956325466264,1.18673141152007,1.78638214344103,1.03132469236025
"J01M","P. aeruginosa",0.631179110177397,0.308528827000144,0.811837324918004,0.645337776405304,1.6085740526426e-06,0.678996555494692,1610.43887630719,1648.83132320366,FALSE,0,0.737625812061999,0.00489050233912694,0.00048007169926742,0.0121872394980261,0.226323798275053,0.0184925761265272,1.44764853036441,5.57890938947074,5.83359339257266,1.35112128151483,1.49045416607813,1.20892032259185
"J01M","S. agalactiae",0.315583137178105,-0.0990422527702672,0.626301268725012,0.147895157634836,2.39515886747841e-14,1.03539876386764,1735.86613947594,1770.78414553075,FALSE,0,0.19022623617821,0.000167676718660574,0.0017620016653211,0.00272488302890062,0.00246843884311341,0.802650763565794,1.23465958422089,8.85312050469656,10.1338577704672,1.5948551947537,1.76339877761673,1.20116369618373
"J01M","S. aureus",0.360810261003186,-0.00753997382550817,0.709290418412857,0.142478515821973,6.90117367101481e-09,1.04412519730172,1910.63575741293,1947.55356221456,FALSE,0,0.860828543717994,0.00394928946989003,0.0684751065136044,0.0300400093109905,0.036642807030198,6.42439573227688e-05,1.29245900370244,8.7544134048263,10.0753943834482,1.35122829359077,1.80385037021167,1.15231524040399
"J01M","S. pneumoniae",0.275718757759545,-0.0602187709786538,0.497890814425352,0.0746383727897397,7.41911330427754e-11,0.572681567948821,1634.65482547557,1671.12040789807,FALSE,0,0.565910656754089,0.113492344622748,0.0904417773686215,0.0902502791599805,0.071666946872954,0.0682379952216068,1.30668702806776,10.6235968829822,12.5725495928233,1.27210558243657,1.71628351034161,1.24626321830984
"J01M","S. pyogenes",0.0546918975772871,-0.0515550632875802,0.149192033232891,0.0714199791786359,0.040872662009222,0.299069922510067,249.486752760317,278.002916018898,FALSE,0,0.111706285817738,0.0746343589776193,0.00467299037368592,0.391500773009099,0.219377522375332,0.198108069446526,1.38560063224863,9.46972349292044,11.6040696833487,1.21810171016211,1.91480706779099,1.03111084738739
"J01M","Salmonella spp.",0.786365689802434,-0.525983467482456,1.41670718970496,0.800395548559368,0.737980703338729,0.849034774377843,81.7956408526372,93.0052199059345,FALSE,0,0.620140807852821,0.219165591259655,0.123993339713938,0.00884294367162825,0.0275153884326551,0.000341929069302346,1.11732530711651,58.8422295514987,55.7186774593679,2.00288458601739,2.80508069389687,1.08389090817218
