"","Antibiotic","Gradient"
"1","J01C",-0.26081934996149
"2","J01C",-0.0505965743303414
"3","J01C",-0.103753652052356
"4","J01C",-0.168006821009245
"5","J01C",-0.0580636500532091
"6","J01C",-0.0662388087676114
"7","J01C",0.10108510189167
"8","J01C",-0.144558442216057
"9","J01C",-0.125613726164853
"10","J01C",-0.0184050515950597
"11","J01C",-0.27585106814186
"12","J01C",-0.0371096404281989
"13","J01C",-0.206274631239135
"14","J01C",0.0286630402048589
"15","J01C",-0.0215102826514161
"16","J01C",0.0528520886272495
"17","J01C",-0.170059774137367
"18","J01C",-0.00214654038601775
"19","J01C",-0.0557389473412082
"20","J01C",-0.0163024554808598
"21","J01C",0.028521943134381
"22","J01C",0.0589692541150001
"23","J01C",-0.0708095139611839
"24","J01C",-0.119732333781686
"25","J01C",-0.204335734734779
"26","J01C",0.119064913653755
"27","J01C",-0.0264499355750059
"28","J01C",-0.0602128721148095
"29","J01C",-0.0121493820061437
"30","J01C",0.0169304120274357
"31","J01C",-0.0615394130846114
"32","J01C",0.0349996228010963
"33","J01C",-0.131387607981781
"34","J01C",-0.0355094948579353
"35","J01C",-0.0616781738030949
"36","J01C",-0.0688380190782504
"37","J01C",-0.0118073174353533
"38","J01C",-0.149197774161797
"39","J01C",-0.158902970205259
"40","J01C",-0.215129503865909
"41","J01C",-0.159744380542522
"42","J01C",-0.180719240726908
"43","J01C",-0.138005185996183
"44","J01C",-0.0910746066075633
"45","J01C",-0.123812980664858
"46","J01C",-0.139757416493298
"47","J01C",-0.0244018404633946
"48","J01C",-0.0572588354454807
"49","J01C",-0.198603607304929
"50","J01C",0.0735058272265217
"51","J01C",-0.0258744580678882
"52","J01C",-0.0514894892909214
"53","J01C",-0.0444982456532966
"54","J01C",-0.0288137878184548
"55","J01C",-0.203031328716135
"56","J01C",-0.0806108799091394
"57","J01C",-0.0278488904281098
"58","J01C",0.0266968484022326
"59","J01C",0.1297395209437
"60","J01C",-0.137829706342358
"61","J01C",-0.063155607805502
"62","J01C",-0.206619331824083
"63","J01C",0.0312086978495722
"64","J01C",0.0746656349320688
"65","J01C",0.0368729990775493
"66","J01C",-0.0595489944998103
"67","J01C",-0.133809428924852
"68","J01C",-0.117017645647377
"69","J01C",-0.0635040703621375
"70","J01C",-0.00802939113326468
"71","J01C",-0.051449727987797
"72","J01C",-0.215774426423162
"73","J01C",-0.0638486456636531
"74","J01C",-0.107775980845551
"75","J01C",-0.0308834906290164
"76","J01C",-0.131974927283877
"77","J01C",-0.182849195997843
"78","J01C",-0.0252750549114181
"79","J01C",-0.1506129800524
"80","J01C",-0.14258860665074
"81","J01C",-0.065683790007564
"82","J01C",-0.195795841693296
"83","J01C",-0.139322496922146
"84","J01C",-0.0849346829904084
"85","J01C",0.0326769938369045
"86","J01C",0.016356957534859
"87","J01C",-0.0967482181655037
"88","J01C",-0.065316027910057
"89","J01C",-0.0818662607213669
"90","J01C",-0.0828828646293399
"91","J01C",-0.0308886029371322
"92","J01C",-0.135438577879939
"93","J01C",-0.116152031952163
"94","J01C",-0.176780339944102
"95","J01C",-0.139111541995569
"96","J01C",-0.0129699524922876
"97","J01C",-0.075487529985143
"98","J01C",-0.0586206103061064
"99","J01C",-0.0962708242415671
"100","J01C",-0.076026018951159
"101","J01C",0.064179462441558
"102","J01C",-0.145003225880389
"103","J01C",0.0134379695061933
"104","J01C",-0.215254095983663
"105","J01C",-0.039345475606157
"106","J01C",-0.115976675718119
"107","J01C",-0.146431658638302
"108","J01C",-0.187882270943322
"109","J01C",0.0627030350842312
"110","J01C",-0.249120613655358
"111","J01C",0.0447873605239098
"112","J01C",-0.194075262333647
"113","J01C",-0.0714558626784413
"114","J01C",-0.0516325338440594
"115","J01C",-0.131757617162059
"116","J01C",0.0267419681667412
"117","J01C",-0.0267895414273564
"118","J01C",0.0449036374407152
"119","J01C",-0.167379589429408
"120","J01C",-0.19967149586773
"121","J01C",-0.0769537569389396
"122","J01C",-0.0148819835146797
"123","J01C",-0.0633717136057266
"124","J01C",0.0229177179872924
"125","J01C",-0.0123672812396657
"126","J01C",-0.15013010812725
"127","J01C",-0.115853662554338
"128","J01C",-0.0650238205245531
"129","J01C",0.0831544090080911
"130","J01C",-0.131059796886214
"131","J01C",-0.132457142680446
"132","J01C",0.0267246974770564
"133","J01C",-0.0402933733785973
"134","J01C",-0.140112028682715
"135","J01C",-0.236430251829029
"136","J01C",-0.122854717152575
"137","J01C",-0.0235814700597849
"138","J01C",-0.133602900854765
"139","J01C",-0.147138985440752
"140","J01C",-0.0575452429112159
"141","J01C",-0.021927335416512
"142","J01C",-0.068406623157466
"143","J01C",-0.0433896239300614
"144","J01C",-0.182267759336604
"145","J01C",-0.14671000576528
"146","J01C",0.00901762546457763
"147","J01C",0.00301137445482729
"148","J01C",0.0648055921435128
"149","J01C",-0.0473799945720898
"150","J01C",-0.0827294673958117
"151","J01C",-0.0679567259496673
"152","J01C",-0.109063623651212
"153","J01C",-0.072791632354036
"154","J01C",-0.0414867866280994
"155","J01C",-0.0739956420423456
"156","J01C",-0.0265575106633407
"157","J01C",0.0237028670955658
"158","J01C",-0.20441504687122
"159","J01C",-0.00788147169559163
"160","J01C",0.0939549149739456
"161","J01C",0.146242478807222
"162","J01C",-0.157758219340119
"163","J01C",-0.0406156388683249
"164","J01C",-0.0889677991191827
"165","J01C",-0.148626073151233
"166","J01C",0.023162567794095
"167","J01C",-0.10722026610569
"168","J01C",-0.0152894725824452
"169","J01C",0.0768669538037807
"170","J01C",0.131560630633872
"171","J01C",-0.0644613114848231
"172","J01C",-0.0959985479807545
"173","J01C",-0.141029087076029
"174","J01C",-0.0226441961629728
"175","J01C",0.0112867957885589
"176","J01C",-0.0875590739879125
"177","J01C",-0.0373326111867422
"178","J01C",-0.144621663485551
"179","J01C",-0.120883163275761
"180","J01C",-0.0383906542855536
"181","J01C",-0.0963376744239563
"182","J01C",-0.164416385806909
"183","J01C",-0.199491608526694
"184","J01C",-0.129977076064301
"185","J01C",0.141578014683529
"186","J01C",-0.101024428068666
"187","J01C",-0.093850938674801
"188","J01C",-0.0450929764088362
"189","J01C",0.0587153881619981
"190","J01C",-0.128995799726392
"191","J01C",0.0874708998846155
"192","J01C",-0.261190462694758
"193","J01C",-0.0695876024977991
"194","J01C",0.0838743784209775
"195","J01C",-0.114830186513785
"196","J01C",0.00613769479247925
"197","J01C",-0.162499575756456
"198","J01C",-0.0675617278581862
"199","J01C",-0.141079723434285
"200","J01C",-0.117855344900978
"201","J01C",-0.13302692097731
"202","J01C",-0.0591042351743725
"203","J01C",-0.0352519054412202
"204","J01C",0.0159325083655561
"205","J01C",-0.0688686606991372
"206","J01C",-0.0112955077138779
"207","J01C",-0.0661739506655362
"208","J01C",-0.071517017835893
"209","J01C",-0.233883142081913
"210","J01C",-0.142786524416187
"211","J01C",-0.00980050930833634
"212","J01C",-0.0627826513118138
"213","J01C",-0.100064827988402
"214","J01C",-0.145358778594175
"215","J01C",-0.155225455580625
"216","J01C",-0.0408687697877091
"217","J01C",-0.108527397839997
"218","J01C",-0.0530916194336172
"219","J01C",-0.0281119980909172
"220","J01C",-0.150070047683809
"221","J01C",-0.0458712238692822
"222","J01C",-0.0156378684888858
"223","J01C",-0.0839169686673767
"224","J01C",-0.0610205137888601
"225","J01C",-0.0133309314678967
"226","J01C",-0.0021912451654849
"227","J01C",-0.00188928750933728
"228","J01C",-0.19955244262222
"229","J01C",-0.136500219661827
"230","J01C",-0.094338965390605
"231","J01C",-0.0107259112393879
"232","J01C",-0.107307861637761
"233","J01C",0.138897093898057
"234","J01C",0.117854156417629
"235","J01C",-0.189270493033524
"236","J01C",-0.0728457777481585
"237","J01C",0.00574849138260915
"238","J01C",-0.140261556454226
"239","J01C",-0.0281469969044415
"240","J01C",-0.0781583821304448
"241","J01C",0.0152538094218456
"242","J01C",-0.16332509028497
"243","J01C",-0.120452883609514
"244","J01C",-0.0785893276607872
"245","J01C",-0.217069015479231
"246","J01C",-0.0981421919159343
"247","J01C",-0.162434175798713
"248","J01C",-0.157324653836139
"249","J01C",-0.102460380345387
"250","J01C",-0.20337549504722
"251","J01C",-0.0799571069097068
"252","J01C",0.0654668113400099
"253","J01C",-0.0811916419797339
"254","J01C",-0.139460837750469
"255","J01C",-0.116585591345712
"256","J01C",-0.134543039567587
"257","J01C",-0.0689246655686538
"258","J01C",-0.215341298050202
"259","J01C",0.0363584351019247
"260","J01C",-0.0909597569208584
"261","J01C",-0.0397772898264469
"262","J01C",-0.253240549286153
"263","J01C",-0.108462726751637
"264","J01C",-0.104967918592707
"265","J01C",-0.103864506340702
"266","J01C",-0.05587603055272
"267","J01C",-0.119159787099723
"268","J01C",-0.137428108868219
"269","J01C",-0.0339746965953234
"270","J01C",-0.0689650627655649
"271","J01C",-0.135940866689747
"272","J01C",-0.086204890846755
"273","J01C",-0.144359365003743
"274","J01C",-0.0779369076983435
"275","J01C",0.0728783966316725
"276","J01C",-0.0135749306503544
"277","J01C",-0.0776916144667858
"278","J01C",0.0123075200496771
"279","J01C",0.0914593816575469
"280","J01C",-0.135690338752328
"281","J01C",0.0535431796802003
"282","J01C",-0.0350044399523546
"283","J01C",-0.192309037092213
"284","J01C",-0.230877034997159
"285","J01C",-0.0434381630222947
"286","J01C",-0.00343696597375013
"287","J01C",-0.13845216789336
"288","J01C",-0.110528533981601
"289","J01C",-0.199962524753325
"290","J01C",-0.0364313843878728
"291","J01C",-0.0541988089658088
"292","J01C",-0.0144212570634193
"293","J01C",-0.0210721185473196
"294","J01C",-0.0902636601864579
"295","J01C",0.034681663683834
"296","J01C",-0.0503442942078673
"297","J01C",0.0396077767081077
"298","J01C",-0.0433646419732444
"299","J01C",-0.11075790195934
"300","J01C",-0.036730056835125
"301","J01C",0.0367303663875132
"302","J01C",-0.147132974573786
"303","J01C",-0.0206223637278962
"304","J01C",-0.109777800389032
"305","J01C",0.0302456841592907
"306","J01C",0.0680699820256299
"307","J01C",-0.0676358430137027
"308","J01C",-0.0244429458439087
"309","J01C",-0.138774005638304
"310","J01C",0.0422947628073761
"311","J01C",-0.137858211704418
"312","J01C",0.075928224708239
"313","J01C",-0.016792968899335
"314","J01C",0.0396791625656778
"315","J01C",-0.0165040163251406
"316","J01C",-0.0609984956149316
"317","J01C",-0.0531085603225278
"318","J01C",-0.171034390874035
"319","J01C",-0.178660803739603
"320","J01C",-0.046855599937524
"321","J01C",0.00325751314862232
"322","J01C",-0.0824242184906842
"323","J01C",0.133172189690841
"324","J01C",-0.184887619627109
"325","J01C",-0.0240911459834104
"326","J01C",-0.0303709801918355
"327","J01C",-0.0761476610345374
"328","J01C",-0.0552207627937611
"329","J01C",0.000721717331274645
"330","J01C",-0.16487221679866
"331","J01C",-0.0443606503682109
"332","J01C",-0.0372610252442704
"333","J01C",-0.0145128345225395
"334","J01C",-0.00299433926740719
"335","J01C",0.0573019255591373
"336","J01C",0.0493716409899064
"337","J01C",-0.156122854303864
"338","J01C",-0.0268993055867283
"339","J01C",-0.126626564433263
"340","J01C",-0.140484769263532
"341","J01C",-0.119551094096435
"342","J01C",-0.020520409675719
"343","J01C",0.0893870241054398
"344","J01C",-0.0370657673595229
"345","J01C",-0.234208607684723
"346","J01C",-0.147640047849546
"347","J01C",-0.12680022538575
"348","J01C",-0.151776477704707
"349","J01C",-0.104720766688532
"350","J01C",-0.110023916757918
"351","J01C",-0.0504039623742926
"352","J01C",-0.147518752745935
"353","J01C",-0.00882525331592526
"354","J01C",-0.168469628479067
"355","J01C",-0.127800984478911
"356","J01C",-0.159394947320107
"357","J01C",-0.119914790243588
"358","J01C",-0.140420266840029
"359","J01C",-0.00152308327943785
"360","J01C",-0.112956748138612
"361","J01C",-0.126233698457427
"362","J01C",-0.155997913670603
"363","J01C",-0.0688150758678805
"364","J01C",-0.0256608599807209
"365","J01C",-0.147011173605051
"366","J01C",-0.0643244146955147
"367","J01C",-0.074054826733842
"368","J01C",-0.139403953115147
"369","J01C",-0.119086666530711
"370","J01C",-0.0790836394208924
"371","J01C",-0.0490169678977054
"372","J01C",-0.0653519081458418
"373","J01C",-0.100843271685699
"374","J01C",0.101065246557337
"375","J01C",0.0495452407885325
"376","J01C",-0.129943510907577
"377","J01C",-0.114726891387417
"378","J01C",-0.0450969923482683
"379","J01C",-0.0570128730198725
"380","J01C",-0.126938140596574
"381","J01C",0.0279980394190353
"382","J01C",-0.159433014100413
"383","J01C",-0.00650513062414818
"384","J01C",-0.0504109842307355
"385","J01C",-0.190718539471508
"386","J01C",-0.0782202729138774
"387","J01C",-0.102587861469815
"388","J01C",-0.191612306212336
"389","J01C",0.0117077289602879
"390","J01C",-0.0935269852871123
"391","J01C",-0.0486258173292702
"392","J01C",-0.0196912931763754
"393","J01C",-0.0416446099487186
"394","J01C",-0.280297194995265
"395","J01C",-0.0734533080801993
"396","J01C",-0.0338272102631481
"397","J01C",-0.0193908571213137
"398","J01C",-0.161932134495455
"399","J01C",-0.138121646048923
"400","J01C",0.0237002990290925
"401","J01C",-0.113453824336115
"402","J01C",-0.0460790374212569
"403","J01C",0.0112592160759198
"404","J01C",-0.170935070314469
"405","J01C",-0.0629598967898613
"406","J01C",0.203441141886628
"407","J01C",-0.0748731762255973
"408","J01C",-0.0261908828125293
"409","J01C",-0.0464535770653985
"410","J01C",-0.0263232151208432
"411","J01C",-0.115688639172269
"412","J01C",-0.208008572920808
"413","J01C",-0.062263242457619
"414","J01C",-0.0583637967728802
"415","J01C",-0.0713831717493827
"416","J01C",-0.0818561305300397
"417","J01C",-0.120394423919046
"418","J01C",-0.13503210830514
"419","J01C",-0.0115866753001804
"420","J01C",-0.0338044494441675
"421","J01C",-0.0475115206180063
"422","J01C",-0.167490628579173
"423","J01C",-0.10910874208027
"424","J01C",-0.0897335269428077
"425","J01C",-0.116906838392377
"426","J01C",-0.105577268792338
"427","J01C",-0.123729508346653
"428","J01C",-0.0616664511948073
"429","J01C",0.0766269202046776
"430","J01C",-0.0367450694719475
"431","J01C",-0.16807091533314
"432","J01C",-0.0650612012082183
"433","J01C",-0.116094270642368
"434","J01C",-0.0690831157604168
"435","J01C",0.0941382897059635
"436","J01C",-0.0186755364209429
"437","J01C",0.0254768969202444
"438","J01C",-0.132084635268041
"439","J01C",0.0190925128353404
"440","J01C",-0.0412479683094933
"441","J01C",-0.233854156820218
"442","J01C",0.0662500740354398
"443","J01C",-0.0736176751493227
"444","J01C",-0.153765109148954
"445","J01C",-0.0196306226323129
"446","J01C",0.0111579896779573
"447","J01C",-0.0966701772211552
"448","J01C",0.0500315203183192
"449","J01C",-0.0711363766820176
"450","J01C",-0.0322641413326554
"451","J01C",-0.149639404827066
"452","J01C",-0.074867751048456
"453","J01C",-0.149036964341284
"454","J01C",-0.0631845015955419
"455","J01C",-0.0490503816557082
"456","J01C",-0.0451280467930429
"457","J01C",-0.129514441032736
"458","J01C",0.0459650744039123
"459","J01C",-0.0804444588952461
"460","J01C",0.0209990763205616
"461","J01C",0.00209520650262014
"462","J01C",-0.109629229470854
"463","J01C",-0.166486938208412
"464","J01C",-0.100537159326753
"465","J01C",-0.112321284729763
"466","J01C",-0.0361769154218969
"467","J01C",-0.079438123930854
"468","J01C",-0.0345104120765202
"469","J01C",-0.0777598234559905
"470","J01C",-0.174850336221204
"471","J01C",-0.0965792368174463
"472","J01C",-0.251817366824163
"473","J01C",-0.010448717133567
"474","J01C",-0.197779833702653
"475","J01C",0.0286906525804952
"476","J01C",-0.00183201056166012
"477","J01C",0.216310154120564
"478","J01C",-0.0948358566443472
"479","J01C",-0.196306851668395
"480","J01C",-0.0116426740353365
"481","J01C",-0.154505706747792
"482","J01C",-0.147302628730483
"483","J01C",-0.0682498203835158
"484","J01C",-0.0961786229589917
"485","J01C",-0.0754681486256926
"486","J01C",-0.115475261677111
"487","J01C",-0.19518764053537
"488","J01C",-0.17949738351526
"489","J01C",-0.217946857106291
"490","J01C",-0.159239668889214
"491","J01C",-0.251336542763617
"492","J01C",0.0484495920095272
"493","J01C",-0.0674696162542782
"494","J01C",0.0496762416494101
"495","J01C",-0.0754857808686289
"496","J01C",-0.152359053070014
"497","J01C",-0.279417165207984
"498","J01C",0.0454749203742718
"499","J01C",-0.153305846457828
"500","J01C",0.145847823479961
"501","J01C",-0.0618131722396262
"502","J01C",-0.130311315546684
"503","J01C",-0.0659102527787803
"504","J01C",-0.0823506595125521
"505","J01C",-0.25566020497664
"506","J01C",-0.0966371753804543
"507","J01C",-0.0955187259716633
"508","J01C",0.00892671597038202
"509","J01C",-0.135084422874649
"510","J01C",-0.128102858728972
"511","J01C",-0.0587975304188235
"512","J01C",-0.186165709258364
"513","J01C",0.0274018574554881
"514","J01C",0.0171393633717426
"515","J01C",-0.122194803663862
"516","J01C",0.0183089911455321
"517","J01C",-0.112815989265413
"518","J01C",-0.0955705881694298
"519","J01C",0.00479980841874209
"520","J01C",0.058980518154793
"521","J01C",-0.049414950406324
"522","J01C",-0.127659329736993
"523","J01C",-0.230995878251066
"524","J01C",-0.102864449944321
"525","J01C",0.0304106755665217
"526","J01C",0.0470118218664782
"527","J01C",-0.0823134339801553
"528","J01C",-0.158690901759928
"529","J01C",0.00302048843257999
"530","J01C",-0.0895605378692356
"531","J01C",-0.0696348378206975
"532","J01C",0.0290583887485437
"533","J01C",-0.0663383365864188
"534","J01C",-0.191847426800386
"535","J01C",-0.102814228255726
"536","J01C",-0.235221304350811
"537","J01C",-0.0949308620692093
"538","J01C",-0.0890354797170597
"539","J01C",-0.176940665013055
"540","J01C",-0.050383623833325
"541","J01C",-0.0110337133960484
"542","J01C",-0.189125763020954
"543","J01C",-0.0455090393649005
"544","J01C",-0.150222877786377
"545","J01C",0.0409653979574675
"546","J01C",-0.0498096876049046
"547","J01C",-0.117296537873181
"548","J01C",-0.138939681471006
"549","J01C",-0.102143085567506
"550","J01C",-0.111284136423056
"551","J01C",-0.160299791309197
"552","J01C",-0.173929813865718
"553","J01C",0.0352457951636832
"554","J01C",-0.089031306139865
"555","J01C",-0.239782859681277
"556","J01C",-0.0504538712388062
"557","J01C",-0.0373680478167774
"558","J01C",-0.102159077916004
"559","J01C",0.129362785161961
"560","J01C",-0.231983112200163
"561","J01C",0.0112281482726834
"562","J01C",-0.183949984397171
"563","J01C",-0.10390298247829
"564","J01C",0.0454871414947314
"565","J01C",-0.115493442595859
"566","J01C",-0.129633664114116
"567","J01C",-0.0408991659840616
"568","J01C",-0.10756174298172
"569","J01C",-0.0203270311363186
"570","J01C",-0.204748046363303
"571","J01C",-0.077116242063486
"572","J01C",-0.0884142189705993
"573","J01C",-0.169039181827699
"574","J01C",-0.181415198091848
"575","J01C",-0.0266751187500078
"576","J01C",-0.15564179771017
"577","J01C",-0.0286243048199294
"578","J01C",0.0578861110245214
"579","J01C",-0.0361461687165294
"580","J01C",-0.173707854337142
"581","J01C",-0.140782218555983
"582","J01C",-0.0330599493781601
"583","J01C",-0.167783953024398
"584","J01C",-0.150147314809146
"585","J01C",-0.0560536496257559
"586","J01C",-0.0223586047721877
"587","J01C",-0.0900536802794401
"588","J01C",-0.00466147895957425
"589","J01C",0.0202321003055874
"590","J01C",0.00413102134567658
"591","J01C",-0.0597450624476191
"592","J01C",-0.0142222857237257
"593","J01C",0.0264036982256603
"594","J01C",-0.0160672496303002
"595","J01C",-0.191733347962337
"596","J01C",-0.176142453354925
"597","J01C",0.0154693929594489
"598","J01C",-0.0953487805011934
"599","J01C",-0.0521168417016573
"600","J01C",0.0728476232228398
"601","J01C",-0.0930279635521071
"602","J01C",-0.148024239963747
"603","J01C",0.00358984210188345
"604","J01C",-0.107073104902137
"605","J01C",-0.189637112029448
"606","J01C",-0.0881869649625793
"607","J01C",-0.00900316183191422
"608","J01C",-0.0177651339654535
"609","J01C",-0.0433720167342373
"610","J01C",-0.0663161974243532
"611","J01C",-0.0438594107236989
"612","J01C",0.0404737308073023
"613","J01C",-0.0528232286232879
"614","J01C",0.0286469562424316
"615","J01C",-0.0632870825167063
"616","J01C",-0.00891124007387335
"617","J01C",0.0244109308191835
"618","J01C",-0.0687459526958989
"619","J01C",-0.115862325626981
"620","J01C",-0.0485614551811552
"621","J01C",-0.074206074261548
"622","J01C",-0.0231102314809754
"623","J01C",0.0851095382622465
"624","J01C",0.0077733695199208
"625","J01C",-0.105791278933436
"626","J01C",-0.178860523847569
"627","J01C",-0.22240634530737
"628","J01C",-0.013318561182374
"629","J01C",-0.000268097494728424
"630","J01C",0.000546357723570367
"631","J01C",-0.231050797183129
"632","J01C",-0.148701135568203
"633","J01C",-0.0300270947949715
"634","J01C",-0.0190035788604548
"635","J01C",-0.0974374372375861
"636","J01C",-0.159405098419696
"637","J01C",-0.145302306923285
"638","J01C",-0.138437810960783
"639","J01C",-0.00611747547495922
"640","J01C",-0.0671436786149051
"641","J01C",-0.121418618072543
"642","J01C",-0.0979309011107931
"643","J01C",0.000947086816701366
"644","J01C",-0.0317134561955075
"645","J01C",0.0105078508959451
"646","J01C",-0.0238107719520306
"647","J01C",-0.00241656658686102
"648","J01C",-0.111381176986614
"649","J01C",-0.0416044713018816
"650","J01C",0.0405585229423918
"651","J01C",0.150500547823303
"652","J01C",-0.0777571333358622
"653","J01C",-0.0519383612390865
"654","J01C",-0.0167140759925204
"655","J01C",-0.0204515649949072
"656","J01C",-0.00568955200447236
"657","J01C",-0.255114297126838
"658","J01C",-0.00116243029363626
"659","J01C",0.00728954241817668
"660","J01C",-0.120216834937802
"661","J01C",-0.0912338602253767
"662","J01C",-0.0708365354404924
"663","J01C",0.00392195510875337
"664","J01C",-0.123803334942454
"665","J01C",-0.0982181581266938
"666","J01C",-0.0441027491726129
"667","J01C",-0.175336319950179
"668","J01C",-0.164861676356861
"669","J01C",-0.206251139316116
"670","J01C",-0.0953958523477632
"671","J01C",0.0166015970123354
"672","J01C",-0.185050348889733
"673","J01C",-0.012915262070519
"674","J01C",-0.0253558064972525
"675","J01C",-0.0532164684156628
"676","J01C",-0.110324803744663
"677","J01C",-0.067295733938729
"678","J01C",-0.0956343274587839
"679","J01C",-0.0473349211175194
"680","J01C",-0.060226175672154
"681","J01C",0.0713881054428295
"682","J01C",-0.223707684169815
"683","J01C",-0.0419674854410683
"684","J01C",-0.11649734687972
"685","J01C",-0.0708094654627625
"686","J01C",-0.184679905726032
"687","J01C",-0.0429882731108957
"688","J01C",0.116211062470018
"689","J01C",-0.204426044792718
"690","J01C",-0.157587398272885
"691","J01C",-0.0819414001477855
"692","J01C",-0.139138720634988
"693","J01C",-0.0960716690114509
"694","J01C",-0.153462060679726
"695","J01C",-0.0601116335938956
"696","J01C",-0.0107337294657844
"697","J01C",0.00489808646828275
"698","J01C",-0.0584922064860286
"699","J01C",-0.0120304466026347
"700","J01C",-0.0776102323264794
"701","J01C",0.105415195178462
"702","J01C",-0.207667048989481
"703","J01C",-0.0106078424276163
"704","J01C",-0.0125344256987181
"705","J01C",-0.0861083162029035
"706","J01C",-0.0481097379600482
"707","J01C",0.00181573346946839
"708","J01C",-0.13699349979674
"709","J01C",-0.0797519478251158
"710","J01C",-0.189096383363459
"711","J01C",0.0749196484841293
"712","J01C",-0.0650085360977172
"713","J01C",-0.0692776939608705
"714","J01C",0.0228587927600365
"715","J01C",-0.087281568008149
"716","J01C",-0.098752761657843
"717","J01C",-0.137482961784213
"718","J01C",-0.155274257526234
"719","J01C",-0.0351129099401057
"720","J01C",-0.194422163412432
"721","J01C",-0.0897950569683155
"722","J01C",0.104582154666379
"723","J01C",0.0479520449977061
"724","J01C",-0.0177068711205711
"725","J01C",-0.190015597555933
"726","J01C",-0.217049527051576
"727","J01C",-0.0191485893825534
"728","J01C",0.0753956526300931
"729","J01C",-0.075008206082855
"730","J01C",-0.136024074918758
"731","J01C",-0.102827358430392
"732","J01C",-0.0215608043340919
"733","J01C",-0.0319659347398968
"734","J01C",-0.133153945820825
"735","J01C",-0.102786643788656
"736","J01C",-0.0973517801968616
"737","J01C",0.0526501648826444
"738","J01C",-0.109930879428991
"739","J01C",-0.0726343174952964
"740","J01C",-0.0788094283430473
"741","J01C",-0.0463725682249853
"742","J01C",-0.0551635160724078
"743","J01C",-0.0666670994669732
"744","J01C",0.0726008286548399
"745","J01C",-0.142489886808125
"746","J01C",-0.0521906912812004
"747","J01C",-0.246826069894395
"748","J01C",-0.0138209940671116
"749","J01C",-0.00468528878905993
"750","J01C",-0.098129247141296
"751","J01C",-0.00684801210316294
"752","J01C",-0.202618608738501
"753","J01C",-0.0888928206517734
"754","J01C",-0.0228356900562658
"755","J01C",0.035245971769312
"756","J01C",-0.127352018551834
"757","J01C",0.0732139847898176
"758","J01C",-0.0339990256449589
"759","J01C",-0.0974328676171114
"760","J01C",-0.160582355219856
"761","J01C",-0.0106251243428173
"762","J01C",-0.0141821268503285
"763","J01C",-0.11532420266191
"764","J01C",-0.0511457749403891
"765","J01C",-0.0815623968141721
"766","J01C",-0.0803254337985317
"767","J01C",0.0130128145653011
"768","J01C",-0.0969885197191587
"769","J01C",-0.0544271977888592
"770","J01C",-0.0812015838891437
"771","J01C",-0.0103140357173562
"772","J01C",-0.0204332725733067
"773","J01C",-0.070786262457843
"774","J01C",-0.0839222372900579
"775","J01C",-0.082962660170892
"776","J01C",-0.180716743037739
"777","J01C",-0.00483103944376189
"778","J01C",-0.182094924045859
"779","J01C",-0.08572982972516
"780","J01C",-0.211053271514414
"781","J01C",-0.182716381750023
"782","J01C",-0.0161633202032957
"783","J01C",-0.216815678217598
"784","J01C",-0.0613576056423228
"785","J01C",-0.104114806070137
"786","J01C",-0.0305701314127454
"787","J01C",-0.136231710667818
"788","J01C",-0.127521683311394
"789","J01C",-0.00159904467876501
"790","J01C",-0.0448829705566955
"791","J01C",-0.0515572753100251
"792","J01C",-0.134286144373098
"793","J01C",-0.0793198729889254
"794","J01C",-0.0155922077241959
"795","J01C",-0.0337785203039518
"796","J01C",-0.150026887205179
"797","J01C",-0.0394346032621535
"798","J01C",-0.132142985711349
"799","J01C",-0.0872225402064766
"800","J01C",-0.0651207030011848
"801","J01C",-0.0572278343433016
"802","J01C",-0.0502826697506345
"803","J01C",-0.120374815599162
"804","J01C",-0.153276573842586
"805","J01C",-0.00347573896403302
"806","J01C",0.0990748526604373
"807","J01C",-0.157753803711065
"808","J01C",-0.0117253087676791
"809","J01C",0.0112113827685387
"810","J01C",0.00796869752534386
"811","J01C",-0.0574641854438736
"812","J01C",-0.0834653245433532
"813","J01C",-0.121969138996836
"814","J01C",-0.0758014522881501
"815","J01C",-0.023730721811226
"816","J01C",-0.0424100473676355
"817","J01C",-0.108505835555272
"818","J01C",0.0245160584339796
"819","J01C",-0.222619316037207
"820","J01C",-0.0157878379859894
"821","J01C",-0.127976248585903
"822","J01C",-0.106065164154644
"823","J01C",-0.195310856307884
"824","J01C",-0.0157577685468423
"825","J01C",-0.0351926197803615
"826","J01C",-0.250205961304338
"827","J01C",-0.0931825343688259
"828","J01C",-0.0862492634959393
"829","J01C",-0.0533681094575754
"830","J01C",0.0130110545411863
"831","J01C",-0.0439100699005493
"832","J01C",-0.0104448009212418
"833","J01C",-0.0996471748527371
"834","J01C",-0.0983325962067045
"835","J01C",0.0225412797596486
"836","J01C",-0.11459961823922
"837","J01C",-0.128341834559234
"838","J01C",0.0607715061105263
"839","J01C",-0.00608265024770644
"840","J01C",-0.0489340957338036
"841","J01C",-0.140941989961579
"842","J01C",-0.22035659468767
"843","J01C",-0.0420363311689597
"844","J01C",-0.0138715684968037
"845","J01C",0.018926151609643
"846","J01C",-0.0873186740432987
"847","J01C",-0.0665981027466952
"848","J01C",-0.0611594596988586
"849","J01C",-0.077448740210596
"850","J01C",-0.151591889166608
"851","J01C",-0.176912917300379
"852","J01C",-0.0283147543922003
"853","J01C",-0.00234156334267272
"854","J01C",-0.0179821190928681
"855","J01C",-0.107792230624494
"856","J01C",-0.0828448062950381
"857","J01C",-0.143199381083083
"858","J01C",-0.0746374534863876
"859","J01C",0.0998113870954071
"860","J01C",-0.0595679630787076
"861","J01C",-0.0681388238269116
"862","J01C",-0.152208498746566
"863","J01C",-0.119302875133306
"864","J01C",-0.0665862549702407
"865","J01C",-0.119600098818582
"866","J01C",0.0529068642227318
"867","J01C",0.0204001382699849
"868","J01C",-0.0778120169650676
"869","J01C",-0.0813185475745757
"870","J01C",-0.137164829928913
"871","J01C",-0.117505048979699
"872","J01C",0.0194354871597473
"873","J01C",-0.149653898315199
"874","J01C",0.00823294230384479
"875","J01C",-0.000897131337696264
"876","J01C",-0.122324518662843
"877","J01C",-0.0128872404470638
"878","J01C",0.0254037774120082
"879","J01C",-0.069161138144767
"880","J01C",-0.0761169889384937
"881","J01C",-0.100864179103703
"882","J01C",-0.126022584420685
"883","J01C",-0.0298981533964331
"884","J01C",-0.145269837925042
"885","J01C",0.156572234054508
"886","J01C",-0.0570158130927669
"887","J01C",0.00156977339294732
"888","J01C",-0.0711385371755472
"889","J01C",-0.132820625921408
"890","J01C",-0.13538257606334
"891","J01C",-0.169591491776776
"892","J01C",-0.160437740461733
"893","J01C",-0.169764845266426
"894","J01C",-0.144249090342598
"895","J01C",-0.100450193098685
"896","J01C",-0.0641017145038582
"897","J01C",-0.0599777375504088
"898","J01C",0.118124906174223
"899","J01C",-0.084979177539416
"900","J01C",-0.156484015448765
"901","J01C",-0.0244868290460672
"902","J01C",-0.0136479027160972
"903","J01C",-0.00034812215933365
"904","J01C",-0.229803820223483
"905","J01C",-0.0917105954925077
"906","J01C",-0.102659992253648
"907","J01C",-0.165721837828482
"908","J01C",-0.113381229654873
"909","J01C",-0.108178434077886
"910","J01C",-0.0707884554393665
"911","J01C",0.0205244506768443
"912","J01C",0.0614951137882994
"913","J01C",-0.141978366750938
"914","J01C",0.0121824754552169
"915","J01C",0.138457610334779
"916","J01C",-0.166972348488393
"917","J01C",-0.100977087635359
"918","J01C",-0.132493750111242
"919","J01C",-0.184437488768028
"920","J01C",-0.146948175555974
"921","J01C",-0.0503985590327702
"922","J01C",-0.16141796310995
"923","J01C",-0.0662056393760724
"924","J01C",-0.126890524036469
"925","J01C",-0.151296816720558
"926","J01C",-0.11341076345797
"927","J01C",0.00806144090930643
"928","J01C",-0.130873818750855
"929","J01C",-0.0200934372368456
"930","J01C",-0.0983944658025488
"931","J01C",-0.0683898076503874
"932","J01C",-0.201521913849304
"933","J01C",-0.121885912586812
"934","J01C",0.0599383051122361
"935","J01C",-0.173051532535902
"936","J01C",-0.0480239574910987
"937","J01C",-0.100087400104399
"938","J01C",-0.0618376921482671
"939","J01C",-0.132032414118142
"940","J01C",-0.17388114237203
"941","J01C",-0.0433032471154738
"942","J01C",-0.203154966450887
"943","J01C",-0.164512616572648
"944","J01C",-0.00224151390047798
"945","J01C",0.0293998612966225
"946","J01C",-0.127199440664406
"947","J01C",-0.0738938967021444
"948","J01C",-0.14474789876961
"949","J01C",-0.0736867844308821
"950","J01C",0.0351002489791096
"951","J01C",0.019304165915621
"952","J01C",-0.18961020408887
"953","J01C",-0.134035641102329
"954","J01C",-0.0985625217090263
"955","J01C",-0.140207248534588
"956","J01C",0.00871037341747162
"957","J01C",-0.141171397170712
"958","J01C",0.0274431702420607
"959","J01C",0.043810627444918
"960","J01C",-0.283626515246003
"961","J01C",-0.189043139435344
"962","J01C",-0.0938714328815084
"963","J01C",-0.0753022374977431
"964","J01C",-0.106469090120622
"965","J01C",-0.000670741270356998
"966","J01C",0.122191924680164
"967","J01C",-0.188879503928837
"968","J01C",-0.15536343881431
"969","J01C",-0.0497703541415772
"970","J01C",-0.147427202174284
"971","J01C",-0.0566272491776405
"972","J01C",-0.146159866340796
"973","J01C",0.0784243631991507
"974","J01C",-0.0404900179624336
"975","J01C",-0.174525118979953
"976","J01C",0.00755859635993171
"977","J01C",-0.0888463973383935
"978","J01C",-0.218348935715666
"979","J01C",-0.0254372157731221
"980","J01C",-0.094097910381225
"981","J01C",-0.137508422385937
"982","J01C",-0.0425952423015418
"983","J01C",-0.101826410122161
"984","J01C",-0.205568951507457
"985","J01C",-0.114448400964258
"986","J01C",-0.112976460005204
"987","J01C",-0.0724235184685742
"988","J01C",-0.230560681995159
"989","J01C",-0.198477829304402
"990","J01C",-0.0276428493477395
"991","J01C",-0.0364873067229537
"992","J01C",-0.0772807128351695
"993","J01C",0.118064529122023
"994","J01C",0.0627382815791251
"995","J01C",-0.0430948064218491
"996","J01C",-0.0451711680515998
"997","J01C",-0.00308451109255165
"998","J01C",0.0279834812816973
"999","J01C",-0.0815980846611361
"1000","J01C",-0.132299072318532
"1001","J01D",0.221411679557713
"1002","J01D",0.308434593509309
"1003","J01D",-0.0794654604518254
"1004","J01D",0.299590627831275
"1005","J01D",0.313241024555175
"1006","J01D",0.216255087144384
"1007","J01D",0.232257240964923
"1008","J01D",0.197185786453632
"1009","J01D",0.200352939121564
"1010","J01D",0.0554500653859285
"1011","J01D",0.262210495918499
"1012","J01D",0.271907198727999
"1013","J01D",0.117011250697685
"1014","J01D",-0.113994124045372
"1015","J01D",0.263534039530423
"1016","J01D",0.210971209348843
"1017","J01D",0.142579638283315
"1018","J01D",0.218479698306438
"1019","J01D",0.21664392487852
"1020","J01D",0.0931971222743133
"1021","J01D",0.238281671222935
"1022","J01D",0.252440308984623
"1023","J01D",0.306862607886199
"1024","J01D",0.462038833882833
"1025","J01D",0.590047389466225
"1026","J01D",0.4063625267011
"1027","J01D",0.351191671728006
"1028","J01D",0.022542483798335
"1029","J01D",0.107224646922126
"1030","J01D",0.14040017726895
"1031","J01D",0.0204037620372338
"1032","J01D",0.207835015685854
"1033","J01D",0.12806468453528
"1034","J01D",0.140891934733412
"1035","J01D",0.164450299201113
"1036","J01D",0.207552992617879
"1037","J01D",0.382647584405108
"1038","J01D",0.018475845868291
"1039","J01D",0.278224256436815
"1040","J01D",0.180903943462353
"1041","J01D",0.175928569167868
"1042","J01D",0.245496135096432
"1043","J01D",0.23079625179692
"1044","J01D",0.115505304707402
"1045","J01D",0.356035322563427
"1046","J01D",0.215079473383743
"1047","J01D",0.292374992809488
"1048","J01D",0.0205641284670375
"1049","J01D",0.201085659167243
"1050","J01D",0.29471428343772
"1051","J01D",0.280362873096895
"1052","J01D",0.285819865322687
"1053","J01D",0.148749630436821
"1054","J01D",0.270656094603401
"1055","J01D",-0.0690091745670744
"1056","J01D",0.231762046906865
"1057","J01D",0.323960522408215
"1058","J01D",0.0268291954435351
"1059","J01D",0.0954383442268025
"1060","J01D",0.39146801597593
"1061","J01D",0.0978666383156325
"1062","J01D",0.0898965692300527
"1063","J01D",0.0732913647862884
"1064","J01D",0.120736670437692
"1065","J01D",0.206328754387298
"1066","J01D",0.399926964936153
"1067","J01D",-0.0558355286336983
"1068","J01D",0.316999276678137
"1069","J01D",0.0950769726236639
"1070","J01D",0.383027542500782
"1071","J01D",0.135616329250254
"1072","J01D",0.273802708686303
"1073","J01D",0.262387511904614
"1074","J01D",0.342620922752658
"1075","J01D",0.00831797678161123
"1076","J01D",0.324335267802526
"1077","J01D",0.117832161913438
"1078","J01D",0.230111870573862
"1079","J01D",0.107076520991676
"1080","J01D",0.309083994986633
"1081","J01D",0.204170147409003
"1082","J01D",0.500339538975496
"1083","J01D",0.0576037995707309
"1084","J01D",0.422042836483804
"1085","J01D",-0.0799777549872198
"1086","J01D",0.471928555547547
"1087","J01D",0.116276218597637
"1088","J01D",0.150095002474431
"1089","J01D",0.182201104542056
"1090","J01D",-0.0304653601320305
"1091","J01D",0.289476243834636
"1092","J01D",0.407993871881231
"1093","J01D",0.247458867153135
"1094","J01D",0.341858448901891
"1095","J01D",0.0363024659868723
"1096","J01D",0.210037414545827
"1097","J01D",0.351322406979357
"1098","J01D",0.40666449515415
"1099","J01D",0.103048003723185
"1100","J01D",0.293915767235181
"1101","J01D",0.195956405314198
"1102","J01D",0.0252914857523472
"1103","J01D",0.401512297585656
"1104","J01D",0.368848929789491
"1105","J01D",0.0510014219981491
"1106","J01D",0.339498248208776
"1107","J01D",0.358079722488505
"1108","J01D",0.230715486032559
"1109","J01D",0.0507609884466215
"1110","J01D",0.301617459085047
"1111","J01D",0.107544727005062
"1112","J01D",0.0716492217694523
"1113","J01D",0.0159285508657025
"1114","J01D",0.219165817902306
"1115","J01D",0.515463571777213
"1116","J01D",0.374544239740528
"1117","J01D",0.351073366262832
"1118","J01D",0.25106613696573
"1119","J01D",-0.229998880926153
"1120","J01D",-0.00322988896174249
"1121","J01D",0.362527392695651
"1122","J01D",0.249477715031403
"1123","J01D",0.0491045969250134
"1124","J01D",0.141271872931779
"1125","J01D",0.177223116837675
"1126","J01D",0.0354161964032218
"1127","J01D",0.0977854320716321
"1128","J01D",-0.0697533774272572
"1129","J01D",0.258506075778624
"1130","J01D",0.309514656693422
"1131","J01D",-0.0308664757147898
"1132","J01D",0.216138490023355
"1133","J01D",0.200801971552067
"1134","J01D",0.124257259176413
"1135","J01D",0.267843772853088
"1136","J01D",0.140535458822698
"1137","J01D",0.277435499264635
"1138","J01D",-0.0576183461606096
"1139","J01D",0.319697210137357
"1140","J01D",0.245870629342482
"1141","J01D",0.261182412689305
"1142","J01D",-0.124235096883702
"1143","J01D",0.316339383637754
"1144","J01D",0.529904172931809
"1145","J01D",0.0371626411571375
"1146","J01D",0.260479692662891
"1147","J01D",0.156244748417113
"1148","J01D",0.0532666515308076
"1149","J01D",0.264672639668196
"1150","J01D",0.288796074826815
"1151","J01D",-0.143993896621024
"1152","J01D",0.182779853220755
"1153","J01D",0.242193191965138
"1154","J01D",-0.0265438832048059
"1155","J01D",0.281984884728105
"1156","J01D",0.240866287968277
"1157","J01D",0.0550229751083273
"1158","J01D",0.0315042700245187
"1159","J01D",0.445546081400114
"1160","J01D",0.278066103605557
"1161","J01D",0.0467976550876048
"1162","J01D",0.345036237682069
"1163","J01D",0.172666247634626
"1164","J01D",0.0228431847255633
"1165","J01D",-0.00195455622028519
"1166","J01D",0.182681546277208
"1167","J01D",0.382303537719409
"1168","J01D",0.270231981210202
"1169","J01D",0.428681559942557
"1170","J01D",0.18240774717373
"1171","J01D",0.0810321123905069
"1172","J01D",0.238864689358286
"1173","J01D",0.229615753483358
"1174","J01D",0.217105362731059
"1175","J01D",0.143444069960972
"1176","J01D",0.0474170979047874
"1177","J01D",0.188515737048384
"1178","J01D",-0.0115933964191242
"1179","J01D",0.254322058431779
"1180","J01D",0.279823230432201
"1181","J01D",0.060539279208218
"1182","J01D",0.257136164318405
"1183","J01D",0.0521508169178737
"1184","J01D",0.0732049493432756
"1185","J01D",0.111583159295287
"1186","J01D",0.078393475693734
"1187","J01D",0.0800506335961564
"1188","J01D",-0.0173367348643267
"1189","J01D",0.259313999908624
"1190","J01D",0.173444682650937
"1191","J01D",0.49153952845866
"1192","J01D",0.176795493973868
"1193","J01D",0.558060652803523
"1194","J01D",0.0271186978363904
"1195","J01D",0.204738230763821
"1196","J01D",0.400519438873314
"1197","J01D",0.199840695188479
"1198","J01D",0.199410925355002
"1199","J01D",0.289230718734629
"1200","J01D",0.155593943264621
"1201","J01D",0.149545452257555
"1202","J01D",0.0181680945327828
"1203","J01D",0.232692705138753
"1204","J01D",0.0923801486449369
"1205","J01D",0.257547579473427
"1206","J01D",0.226180109133768
"1207","J01D",0.307240321661197
"1208","J01D",0.205917434062219
"1209","J01D",0.240184561310574
"1210","J01D",0.372228002609223
"1211","J01D",0.0994390431364336
"1212","J01D",0.18015207083617
"1213","J01D",0.23797054127869
"1214","J01D",0.46387248446701
"1215","J01D",0.239523308560736
"1216","J01D",0.111463508202143
"1217","J01D",0.244039079159569
"1218","J01D",0.376049612602128
"1219","J01D",0.177752721606099
"1220","J01D",0.483518172929719
"1221","J01D",0.216310933323385
"1222","J01D",0.332583177293035
"1223","J01D",0.00641218939551553
"1224","J01D",0.0951411584798974
"1225","J01D",0.557157784933303
"1226","J01D",0.543527716489977
"1227","J01D",0.0854524812415619
"1228","J01D",0.241365045220589
"1229","J01D",0.207514902932444
"1230","J01D",0.446109717688051
"1231","J01D",0.146355516805967
"1232","J01D",0.199217150209019
"1233","J01D",0.17952401475308
"1234","J01D",0.219664169145188
"1235","J01D",0.410206071804928
"1236","J01D",0.29438046295061
"1237","J01D",0.245105935533484
"1238","J01D",0.124058378962364
"1239","J01D",-0.0172553451559191
"1240","J01D",0.119006640959911
"1241","J01D",0.347899479854432
"1242","J01D",0.276276832902642
"1243","J01D",-0.0165708543381466
"1244","J01D",0.168167037778716
"1245","J01D",0.378998697134228
"1246","J01D",0.143777058222328
"1247","J01D",0.461198155925276
"1248","J01D",0.191299567970866
"1249","J01D",0.319112194578768
"1250","J01D",0.0866032732994272
"1251","J01D",0.317935309452609
"1252","J01D",0.212106730406472
"1253","J01D",0.215161152617763
"1254","J01D",0.273333090475927
"1255","J01D",0.0812172504709637
"1256","J01D",0.128993616139076
"1257","J01D",0.277970687439624
"1258","J01D",0.319895615377549
"1259","J01D",0.170176830836363
"1260","J01D",0.300389924488095
"1261","J01D",0.0557557425685947
"1262","J01D",0.21662799962652
"1263","J01D",0.190203509832887
"1264","J01D",0.34571271465355
"1265","J01D",0.0260120417099842
"1266","J01D",0.352944171730228
"1267","J01D",0.199321899056071
"1268","J01D",0.302528254467541
"1269","J01D",0.0142935218076098
"1270","J01D",-0.128886585324851
"1271","J01D",0.122371038967772
"1272","J01D",0.110165084929715
"1273","J01D",0.232619443125329
"1274","J01D",0.387427347910151
"1275","J01D",0.266133254861541
"1276","J01D",0.257547801230373
"1277","J01D",0.165853097958363
"1278","J01D",0.218600244860358
"1279","J01D",-0.0799550768521326
"1280","J01D",0.175905763313865
"1281","J01D",0.127836151371421
"1282","J01D",0.165590178157574
"1283","J01D",0.136802679250331
"1284","J01D",0.209327602493767
"1285","J01D",0.292294986911436
"1286","J01D",0.14581732032892
"1287","J01D",0.279674365409084
"1288","J01D",0.115176579778737
"1289","J01D",0.274316787861672
"1290","J01D",0.179914638626996
"1291","J01D",0.23854305426866
"1292","J01D",0.155597767613921
"1293","J01D",-0.195984694232854
"1294","J01D",0.239387657056622
"1295","J01D",0.163781596772401
"1296","J01D",0.311475260268655
"1297","J01D",0.401063230286599
"1298","J01D",0.161578536493242
"1299","J01D",0.253149490156733
"1300","J01D",0.19205489776272
"1301","J01D",0.219223946656528
"1302","J01D",0.0189675053659163
"1303","J01D",-0.0438540811682417
"1304","J01D",0.324055035760426
"1305","J01D",0.218330114532698
"1306","J01D",0.419407640346103
"1307","J01D",0.228085111919531
"1308","J01D",0.0395779585302342
"1309","J01D",0.482085843981123
"1310","J01D",0.229347685701831
"1311","J01D",0.53051892045117
"1312","J01D",0.299821871948299
"1313","J01D",0.138962483346099
"1314","J01D",0.0107674365041752
"1315","J01D",0.142716324174759
"1316","J01D",0.257918742999366
"1317","J01D",0.291449912072948
"1318","J01D",0.355869772252583
"1319","J01D",0.347663891813037
"1320","J01D",0.221925621290431
"1321","J01D",0.202630311295583
"1322","J01D",0.0397185952674003
"1323","J01D",0.176029922650134
"1324","J01D",0.258392233471423
"1325","J01D",0.266129599319868
"1326","J01D",0.243896248752053
"1327","J01D",0.174106833735274
"1328","J01D",0.157677428875018
"1329","J01D",0.1054886035466
"1330","J01D",0.160200634182404
"1331","J01D",0.300323968821385
"1332","J01D",0.126864882601951
"1333","J01D",0.132078582225457
"1334","J01D",0.0356470835515635
"1335","J01D",0.423021929253617
"1336","J01D",0.22927267214075
"1337","J01D",0.0696747944319214
"1338","J01D",0.236287278731588
"1339","J01D",0.0871601637068384
"1340","J01D",0.477266982981391
"1341","J01D",0.129069084055951
"1342","J01D",0.300577758614556
"1343","J01D",0.0861515029155003
"1344","J01D",0.490030115208398
"1345","J01D",0.10283931752115
"1346","J01D",-0.123165291643159
"1347","J01D",0.0842273502195565
"1348","J01D",0.19537142881034
"1349","J01D",0.00826286458354037
"1350","J01D",-0.0188611986327592
"1351","J01D",-0.174727106858008
"1352","J01D",0.260900681896872
"1353","J01D",0.146112803113782
"1354","J01D",0.106264014463179
"1355","J01D",0.304873259868243
"1356","J01D",0.190254990297948
"1357","J01D",0.10503364122945
"1358","J01D",0.168982843238045
"1359","J01D",-0.0324118564867444
"1360","J01D",0.11893858894464
"1361","J01D",0.0453623584268982
"1362","J01D",0.149679910888119
"1363","J01D",0.405488057118415
"1364","J01D",0.107319839066279
"1365","J01D",0.0987778263616115
"1366","J01D",-0.011591725018646
"1367","J01D",0.6257228921232
"1368","J01D",0.207107933626696
"1369","J01D",0.224848134656672
"1370","J01D",0.285264462679497
"1371","J01D",0.146731942641517
"1372","J01D",0.0877077477497398
"1373","J01D",0.270503005666773
"1374","J01D",0.108865994293944
"1375","J01D",0.240591755448595
"1376","J01D",0.0239401206170546
"1377","J01D",0.156278847265961
"1378","J01D",0.273138123773174
"1379","J01D",0.248867868254529
"1380","J01D",0.124230872056655
"1381","J01D",0.0821833613696683
"1382","J01D",0.225232349642992
"1383","J01D",0.0957425507716653
"1384","J01D",0.0781225379757217
"1385","J01D",0.231715039745387
"1386","J01D",-0.105840241147397
"1387","J01D",-0.0207873905672329
"1388","J01D",0.285470673135473
"1389","J01D",0.398388861283263
"1390","J01D",0.098298877080493
"1391","J01D",0.154005351522121
"1392","J01D",0.507430457851669
"1393","J01D",0.016451981139934
"1394","J01D",0.14743715837747
"1395","J01D",0.104856849422239
"1396","J01D",0.11677733166102
"1397","J01D",0.27606822126724
"1398","J01D",0.383109442418681
"1399","J01D",0.148872371929423
"1400","J01D",0.0995720322569484
"1401","J01D",0.0557006943405798
"1402","J01D",0.0957495464970417
"1403","J01D",0.486413926335364
"1404","J01D",0.0779047002906869
"1405","J01D",0.394558146150783
"1406","J01D",0.253583548423231
"1407","J01D",0.131904461072708
"1408","J01D",-0.00898923817577263
"1409","J01D",0.298456823525776
"1410","J01D",0.335284221512797
"1411","J01D",0.145883098986219
"1412","J01D",0.170112772797639
"1413","J01D",0.170850257108815
"1414","J01D",-0.00105549143152847
"1415","J01D",0.420184783158704
"1416","J01D",0.143816507888187
"1417","J01D",0.279985719741388
"1418","J01D",0.0769739444671878
"1419","J01D",0.482306805775481
"1420","J01D",0.158900255706266
"1421","J01D",0.261952481729819
"1422","J01D",0.0574771720028821
"1423","J01D",0.162716543195475
"1424","J01D",-0.0238930620853329
"1425","J01D",0.366950445459233
"1426","J01D",0.0858332915499112
"1427","J01D",-0.00585593086518486
"1428","J01D",0.0863739794220859
"1429","J01D",0.166404739296821
"1430","J01D",-0.117754411641115
"1431","J01D",0.0556644413098521
"1432","J01D",0.0823748862202493
"1433","J01D",0.269143548540651
"1434","J01D",0.47404886930984
"1435","J01D",0.00698323437998694
"1436","J01D",0.0801286672551377
"1437","J01D",0.210778041247699
"1438","J01D",0.269270869387489
"1439","J01D",0.215731590255314
"1440","J01D",0.396536686338453
"1441","J01D",0.232288811458253
"1442","J01D",0.281792069615413
"1443","J01D",0.270457986747433
"1444","J01D",0.123754014458757
"1445","J01D",0.287241587305611
"1446","J01D",0.343852174577763
"1447","J01D",0.210003116532234
"1448","J01D",0.404789391885798
"1449","J01D",0.281874777360001
"1450","J01D",0.238511924656547
"1451","J01D",0.263884050567531
"1452","J01D",0.417266894926015
"1453","J01D",0.235494440631427
"1454","J01D",0.0698103884491106
"1455","J01D",0.317596897320088
"1456","J01D",0.202030586932761
"1457","J01D",0.321492152557726
"1458","J01D",0.249747758502438
"1459","J01D",0.0874439983846135
"1460","J01D",0.200310148121412
"1461","J01D",-0.0951808990016885
"1462","J01D",0.192619963346144
"1463","J01D",0.242172583985288
"1464","J01D",0.318418392815445
"1465","J01D",0.109805008208828
"1466","J01D",0.308053493475159
"1467","J01D",0.452296258524636
"1468","J01D",0.201551744521414
"1469","J01D",0.196683053265841
"1470","J01D",0.290116105399804
"1471","J01D",0.0663610109593814
"1472","J01D",0.220711068394063
"1473","J01D",0.407720010182515
"1474","J01D",0.391155335864873
"1475","J01D",0.209582202343006
"1476","J01D",0.176958044118956
"1477","J01D",0.27406805163318
"1478","J01D",0.270699757123801
"1479","J01D",0.398870209536003
"1480","J01D",0.278183034622093
"1481","J01D",0.271058967182686
"1482","J01D",0.0757169003436389
"1483","J01D",0.254937047951966
"1484","J01D",0.391136508213495
"1485","J01D",0.0693936250675353
"1486","J01D",0.253603526466185
"1487","J01D",0.186795178719493
"1488","J01D",-0.091726966442599
"1489","J01D",0.222867329079372
"1490","J01D",0.400849244357928
"1491","J01D",0.189264375876045
"1492","J01D",-0.0623141042339217
"1493","J01D",0.260464985396411
"1494","J01D",0.418763977643433
"1495","J01D",0.202785534650106
"1496","J01D",0.162970686680776
"1497","J01D",0.0496597699211629
"1498","J01D",0.0279817551071543
"1499","J01D",0.377415912904714
"1500","J01D",0.364189708549401
"1501","J01D",0.221415381436128
"1502","J01D",-0.0852393353646995
"1503","J01D",0.051749972865417
"1504","J01D",0.346990651766347
"1505","J01D",0.435876117628937
"1506","J01D",-0.0586733858530073
"1507","J01D",0.39555333851266
"1508","J01D",0.0138889181999313
"1509","J01D",0.37345201586065
"1510","J01D",0.0847500074261764
"1511","J01D",0.65932043326922
"1512","J01D",0.236549882559839
"1513","J01D",0.134275967210248
"1514","J01D",-0.0964806385809336
"1515","J01D",0.19326675721096
"1516","J01D",0.354375293292739
"1517","J01D",0.538521843597622
"1518","J01D",0.210771368214617
"1519","J01D",0.50133827954377
"1520","J01D",0.313924703039173
"1521","J01D",0.277469053169523
"1522","J01D",0.414349930738512
"1523","J01D",-0.193938451075685
"1524","J01D",0.519796575674443
"1525","J01D",0.179483610946522
"1526","J01D",-0.0368140199981447
"1527","J01D",0.29768099012609
"1528","J01D",0.298371550308967
"1529","J01D",0.137130391149421
"1530","J01D",0.426286134082709
"1531","J01D",0.194289085035889
"1532","J01D",0.219495656029378
"1533","J01D",0.277166038483087
"1534","J01D",0.358494946982448
"1535","J01D",0.261301144403919
"1536","J01D",0.176445306079195
"1537","J01D",0.0645224715667263
"1538","J01D",0.226343027400827
"1539","J01D",0.333856942977603
"1540","J01D",-0.0289745747878436
"1541","J01D",0.104264262396424
"1542","J01D",0.147731719075631
"1543","J01D",0.102160683569586
"1544","J01D",0.152951284463068
"1545","J01D",0.131569189509172
"1546","J01D",0.251157971064863
"1547","J01D",0.234602605388554
"1548","J01D",0.0849059618615793
"1549","J01D",0.33788572585551
"1550","J01D",0.2130921747259
"1551","J01D",-0.0197669397436893
"1552","J01D",0.120629502774437
"1553","J01D",0.258450433662736
"1554","J01D",0.0425700444277329
"1555","J01D",0.228750849123344
"1556","J01D",0.337398480499937
"1557","J01D",0.166575040447383
"1558","J01D",-0.012202893802789
"1559","J01D",0.232742019209548
"1560","J01D",0.275979321630954
"1561","J01D",0.248277796485209
"1562","J01D",0.358198635943958
"1563","J01D",0.306860915267624
"1564","J01D",0.139136840853709
"1565","J01D",0.00016693392938627
"1566","J01D",0.268538016268527
"1567","J01D",-0.0104119177486042
"1568","J01D",0.0807486958687791
"1569","J01D",0.309336703558808
"1570","J01D",0.0731002142820339
"1571","J01D",0.420783318094438
"1572","J01D",0.0310631292276175
"1573","J01D",0.34121373600282
"1574","J01D",0.348859801790664
"1575","J01D",0.237155957353612
"1576","J01D",0.261879786622863
"1577","J01D",0.392541245956881
"1578","J01D",0.332729009910716
"1579","J01D",0.061670195342134
"1580","J01D",0.23689605503995
"1581","J01D",0.0163498078441904
"1582","J01D",0.168247119248793
"1583","J01D",0.106587105375767
"1584","J01D",0.416004716278219
"1585","J01D",0.278043402894023
"1586","J01D",0.118811004880828
"1587","J01D",0.126566641375262
"1588","J01D",0.0779796381110095
"1589","J01D",0.313093557510791
"1590","J01D",0.278272342074879
"1591","J01D",0.257018950262072
"1592","J01D",0.528763229684727
"1593","J01D",0.173231784299445
"1594","J01D",0.363787809789593
"1595","J01D",0.351253130537213
"1596","J01D",0.130335680643421
"1597","J01D",0.160618986449256
"1598","J01D",0.0731781888711826
"1599","J01D",0.203811687601739
"1600","J01D",-0.163992552206472
"1601","J01D",0.298206618648997
"1602","J01D",0.249255911260659
"1603","J01D",0.234401743675627
"1604","J01D",-0.0340818330278285
"1605","J01D",-0.027174640551621
"1606","J01D",0.360691605991967
"1607","J01D",0.275998220555846
"1608","J01D",-0.0349248325928509
"1609","J01D",0.293609094251843
"1610","J01D",0.265841442497093
"1611","J01D",0.230328970016395
"1612","J01D",0.360426198981379
"1613","J01D",-0.0636718155196035
"1614","J01D",0.432707753464774
"1615","J01D",0.0792416898618605
"1616","J01D",0.175335733669444
"1617","J01D",0.157345386731505
"1618","J01D",0.136064656218883
"1619","J01D",0.371751396527059
"1620","J01D",0.24125755425523
"1621","J01D",0.168061269556925
"1622","J01D",0.0238541542477409
"1623","J01D",0.296020313032599
"1624","J01D",0.261973842294936
"1625","J01D",0.231479992660801
"1626","J01D",0.188586544244535
"1627","J01D",0.0957753609635815
"1628","J01D",0.258623423397117
"1629","J01D",0.224235506441036
"1630","J01D",0.041962461368235
"1631","J01D",0.294441487876973
"1632","J01D",0.0137682914778171
"1633","J01D",0.205714381011449
"1634","J01D",0.417472931275949
"1635","J01D",0.220697605236312
"1636","J01D",-0.0691103693983009
"1637","J01D",0.310020837401919
"1638","J01D",-0.0393147977063608
"1639","J01D",0.0171912709686085
"1640","J01D",0.300982699942812
"1641","J01D",0.133736388017093
"1642","J01D",0.367905307263721
"1643","J01D",0.351652204245191
"1644","J01D",0.252021148269355
"1645","J01D",0.228499930584419
"1646","J01D",0.577334689794358
"1647","J01D",0.0383854638254534
"1648","J01D",0.224561640400823
"1649","J01D",0.259086052226339
"1650","J01D",0.110496146833108
"1651","J01D",0.193211898211212
"1652","J01D",0.321061409073949
"1653","J01D",0.245902850882774
"1654","J01D",0.102101899431619
"1655","J01D",0.27517190550826
"1656","J01D",0.400208979639691
"1657","J01D",-0.0311382898229954
"1658","J01D",0.146226949044983
"1659","J01D",0.316237193296835
"1660","J01D",0.275928667870857
"1661","J01D",0.140052220788032
"1662","J01D",0.23291456202738
"1663","J01D",0.31692082094892
"1664","J01D",0.136738676547684
"1665","J01D",0.433951448916049
"1666","J01D",0.10776941201981
"1667","J01D",0.203962063913315
"1668","J01D",0.291883577449429
"1669","J01D",0.133591720635937
"1670","J01D",0.356136158919547
"1671","J01D",0.155265436649945
"1672","J01D",-0.0211212540202736
"1673","J01D",0.479874592335772
"1674","J01D",0.365918702992119
"1675","J01D",0.25320574703661
"1676","J01D",0.375138962469308
"1677","J01D",0.119882376334964
"1678","J01D",0.107623047589962
"1679","J01D",0.308240528636837
"1680","J01D",0.160020547289288
"1681","J01D",0.17234633822211
"1682","J01D",0.250944519372199
"1683","J01D",0.175734664809246
"1684","J01D",0.0548948279762468
"1685","J01D",0.270283295665443
"1686","J01D",0.170096460263691
"1687","J01D",0.0526959511053359
"1688","J01D",0.442318194391078
"1689","J01D",0.300927292867219
"1690","J01D",0.182462642131454
"1691","J01D",0.26100655515817
"1692","J01D",-0.0541627439608816
"1693","J01D",0.140405541121911
"1694","J01D",0.507522552872853
"1695","J01D",0.217671887597914
"1696","J01D",0.205081769128161
"1697","J01D",0.350049345297015
"1698","J01D",0.323844525466116
"1699","J01D",0.344559078721922
"1700","J01D",0.418107534469412
"1701","J01D",0.353989611633826
"1702","J01D",0.206858351221235
"1703","J01D",0.19605347611426
"1704","J01D",0.325606644213533
"1705","J01D",0.146349921990957
"1706","J01D",0.450215028350579
"1707","J01D",0.075495328259675
"1708","J01D",0.287754763060074
"1709","J01D",0.20225130412234
"1710","J01D",0.052394387349357
"1711","J01D",0.0281652777790887
"1712","J01D",0.35656218316843
"1713","J01D",0.0755099598179498
"1714","J01D",0.0309624551168886
"1715","J01D",0.474104379686942
"1716","J01D",0.0803005285111367
"1717","J01D",-0.0171713725425955
"1718","J01D",0.225264062233246
"1719","J01D",0.236393999078497
"1720","J01D",0.00835913649434442
"1721","J01D",0.235019529651709
"1722","J01D",0.369338080186479
"1723","J01D",0.096717784956431
"1724","J01D",0.145905979726685
"1725","J01D",0.105785144932603
"1726","J01D",0.158666210186221
"1727","J01D",0.2446024984066
"1728","J01D",0.143546392225265
"1729","J01D",0.0820333212800155
"1730","J01D",0.227145262878726
"1731","J01D",0.346814185051222
"1732","J01D",0.128521671431333
"1733","J01D",0.255292726629315
"1734","J01D",0.245675300058912
"1735","J01D",0.305256715307089
"1736","J01D",0.383969230624646
"1737","J01D",0.335871561261983
"1738","J01D",0.376077666345248
"1739","J01D",0.313399887179851
"1740","J01D",0.291721157044122
"1741","J01D",0.298472554728523
"1742","J01D",0.0829000069976955
"1743","J01D",0.287093795671346
"1744","J01D",0.287417236213332
"1745","J01D",0.231549023729767
"1746","J01D",0.168712655245619
"1747","J01D",0.34393033780085
"1748","J01D",0.137876415032847
"1749","J01D",0.272094892791883
"1750","J01D",0.0966609560293262
"1751","J01D",-0.109700586916948
"1752","J01D",0.106254968946452
"1753","J01D",0.350595428284522
"1754","J01D",0.212903286418266
"1755","J01D",0.0112652278345267
"1756","J01D",0.319949649987456
"1757","J01D",0.366477416436052
"1758","J01D",0.178801982856887
"1759","J01D",0.11848844885075
"1760","J01D",0.230007467884397
"1761","J01D",0.412136711420096
"1762","J01D",0.250043843242275
"1763","J01D",0.197725739548203
"1764","J01D",0.21260706038217
"1765","J01D",0.178979525660341
"1766","J01D",0.351885873316745
"1767","J01D",0.424157276668036
"1768","J01D",0.322770499921546
"1769","J01D",0.297514819266066
"1770","J01D",0.0875262032003368
"1771","J01D",0.207621448009346
"1772","J01D",0.306043079164086
"1773","J01D",0.347213575686952
"1774","J01D",0.379270942598955
"1775","J01D",0.179760285547767
"1776","J01D",-0.190561922904414
"1777","J01D",0.116036247755427
"1778","J01D",0.119642627008952
"1779","J01D",0.15512203660691
"1780","J01D",0.408909682700434
"1781","J01D",0.13812533540892
"1782","J01D",0.128961623823144
"1783","J01D",0.283920990522465
"1784","J01D",0.299138139790908
"1785","J01D",0.184304082886781
"1786","J01D",0.207685351696049
"1787","J01D",0.225071872482174
"1788","J01D",0.413740687578743
"1789","J01D",0.138291694291628
"1790","J01D",0.297425035438688
"1791","J01D",0.34708983029581
"1792","J01D",0.336546032733042
"1793","J01D",0.260353429148566
"1794","J01D",0.182490368781808
"1795","J01D",0.097112504158457
"1796","J01D",0.14720157874728
"1797","J01D",0.0725888368075387
"1798","J01D",0.515729246533434
"1799","J01D",0.262159168505063
"1800","J01D",0.168882881623087
"1801","J01D",0.186717727230868
"1802","J01D",0.172124431726736
"1803","J01D",0.0635197108324265
"1804","J01D",0.282074985939272
"1805","J01D",0.126205761178443
"1806","J01D",0.294335434204519
"1807","J01D",0.192033056097675
"1808","J01D",-0.011012909769349
"1809","J01D",0.373853439964335
"1810","J01D",0.35037449060339
"1811","J01D",0.254324700460097
"1812","J01D",0.179528746682997
"1813","J01D",0.294616386172339
"1814","J01D",0.226253286777664
"1815","J01D",0.0573370016735877
"1816","J01D",0.311190196719034
"1817","J01D",0.158755158579943
"1818","J01D",0.26607450373179
"1819","J01D",0.442333136285866
"1820","J01D",0.499096453513252
"1821","J01D",0.0487022984091394
"1822","J01D",0.191766102202132
"1823","J01D",0.360807550861097
"1824","J01D",-0.158999751694176
"1825","J01D",0.0926452158724159
"1826","J01D",0.223783226548552
"1827","J01D",-0.0980011251300514
"1828","J01D",0.167607488497959
"1829","J01D",0.153948245082439
"1830","J01D",0.111252780216741
"1831","J01D",0.416272562768808
"1832","J01D",0.450049682559672
"1833","J01D",0.249045549773719
"1834","J01D",-0.0761846553092033
"1835","J01D",0.3022184926691
"1836","J01D",0.322517642841221
"1837","J01D",0.158343152615279
"1838","J01D",0.398941338133064
"1839","J01D",0.151657220107318
"1840","J01D",0.0300454514742748
"1841","J01D",0.435286325976043
"1842","J01D",0.087820023258101
"1843","J01D",0.296313822854066
"1844","J01D",0.165702765977449
"1845","J01D",0.208594279892418
"1846","J01D",0.151190884275787
"1847","J01D",0.105131891569554
"1848","J01D",0.258875653868645
"1849","J01D",0.00810231911911555
"1850","J01D",0.366073546943886
"1851","J01D",0.10585384816918
"1852","J01D",0.172350041228431
"1853","J01D",0.130144248260918
"1854","J01D",0.165322341634224
"1855","J01D",0.272303765462223
"1856","J01D",0.387948226675426
"1857","J01D",0.276651856635515
"1858","J01D",-0.00633593435578977
"1859","J01D",0.0746554535191225
"1860","J01D",0.0445941813011122
"1861","J01D",0.163416736209914
"1862","J01D",-0.0738144552209911
"1863","J01D",0.0673136010124035
"1864","J01D",0.254009860436088
"1865","J01D",0.18024452437885
"1866","J01D",0.164053823601091
"1867","J01D",0.00705972343201215
"1868","J01D",0.00214553991421984
"1869","J01D",0.354172579643654
"1870","J01D",0.111565091737747
"1871","J01D",0.0656079823447478
"1872","J01D",0.233711780192507
"1873","J01D",0.196590215660897
"1874","J01D",0.343939903175385
"1875","J01D",0.0853894608464519
"1876","J01D",0.193019482582858
"1877","J01D",0.140832119248898
"1878","J01D",0.298718849932379
"1879","J01D",0.169429105008806
"1880","J01D",0.25132236941865
"1881","J01D",0.262882251417205
"1882","J01D",0.207608329698374
"1883","J01D",0.256123191030279
"1884","J01D",0.319115191810728
"1885","J01D",0.0768151356217844
"1886","J01D",-0.00169537535047913
"1887","J01D",0.156797321960638
"1888","J01D",0.0372506209554877
"1889","J01D",0.171286050211259
"1890","J01D",0.402675735322695
"1891","J01D",0.204966625035311
"1892","J01D",0.261069772772128
"1893","J01D",0.0265998681250057
"1894","J01D",0.139034193618172
"1895","J01D",0.0662543316682865
"1896","J01D",0.240623834905371
"1897","J01D",0.0436755322725723
"1898","J01D",0.320977432188297
"1899","J01D",0.257132211550867
"1900","J01D",0.0611911845884801
"1901","J01D",0.155593550768155
"1902","J01D",0.0634031199762965
"1903","J01D",0.234172976146748
"1904","J01D",-0.0553136324388491
"1905","J01D",-0.0602789992967176
"1906","J01D",0.345373200697637
"1907","J01D",0.357982094056945
"1908","J01D",0.595716463097598
"1909","J01D",0.44006936732694
"1910","J01D",0.110772330877151
"1911","J01D",0.0510607002851367
"1912","J01D",0.254060687239836
"1913","J01D",0.385814438431016
"1914","J01D",0.0842492726234346
"1915","J01D",0.137643778400299
"1916","J01D",0.0481780446244023
"1917","J01D",0.425439391491098
"1918","J01D",0.180683260637962
"1919","J01D",0.397228897161272
"1920","J01D",0.18229021251676
"1921","J01D",0.0862981987875521
"1922","J01D",0.386101987941905
"1923","J01D",0.0828411601678629
"1924","J01D",0.219581513478937
"1925","J01D",0.208424139890135
"1926","J01D",0.260428378044309
"1927","J01D",0.161656539784205
"1928","J01D",0.479625686878048
"1929","J01D",0.249347606354241
"1930","J01D",0.504298528036465
"1931","J01D",0.199062725421343
"1932","J01D",0.247250261133414
"1933","J01D",0.22300404018347
"1934","J01D",0.228366404362572
"1935","J01D",0.211185120284336
"1936","J01D",0.238454903182817
"1937","J01D",-0.0357744106475144
"1938","J01D",0.44045302683977
"1939","J01D",0.304611425686292
"1940","J01D",0.0489780338266254
"1941","J01D",0.205363248704961
"1942","J01D",0.27307658188844
"1943","J01D",0.302373467067614
"1944","J01D",0.190161958894568
"1945","J01D",0.08733382696942
"1946","J01D",0.0723559724028549
"1947","J01D",0.129581144408289
"1948","J01D",0.283424714038921
"1949","J01D",0.161195502363938
"1950","J01D",0.519356129854225
"1951","J01D",0.386825999820127
"1952","J01D",0.268364608004512
"1953","J01D",0.0962126744951197
"1954","J01D",0.328421330620839
"1955","J01D",0.21129421148743
"1956","J01D",0.513258665876658
"1957","J01D",0.334118177725306
"1958","J01D",0.397217056818402
"1959","J01D",0.0749697792484144
"1960","J01D",0.363546125143803
"1961","J01D",0.333121700907103
"1962","J01D",0.0849396532139484
"1963","J01D",0.156159197279357
"1964","J01D",0.320104202669496
"1965","J01D",0.242336886744207
"1966","J01D",0.233536424361218
"1967","J01D",0.187145566049346
"1968","J01D",0.363245671437424
"1969","J01D",0.245351054937151
"1970","J01D",-0.162190325154879
"1971","J01D",-0.0633107761809621
"1972","J01D",0.0737805312326742
"1973","J01D",0.343976799895053
"1974","J01D",-0.0158204017237971
"1975","J01D",0.0798820341062934
"1976","J01D",0.162568603638717
"1977","J01D",0.331704273033134
"1978","J01D",0.330751544463135
"1979","J01D",0.254331239304328
"1980","J01D",0.416525431398601
"1981","J01D",0.0720686580224046
"1982","J01D",0.04392434634988
"1983","J01D",0.312862007954307
"1984","J01D",0.486904946392408
"1985","J01D",0.285538620562836
"1986","J01D",0.431433912134216
"1987","J01D",-0.0329218324927088
"1988","J01D",0.322732423670611
"1989","J01D",0.265147664593223
"1990","J01D",0.0990254314121091
"1991","J01D",0.198062225717162
"1992","J01D",0.0942581575559859
"1993","J01D",0.0341969500461124
"1994","J01D",0.400840274443734
"1995","J01D",0.219979509823252
"1996","J01D",0.292439870537201
"1997","J01D",0.244927790948125
"1998","J01D",0.100222671660784
"1999","J01D",0.182191259079499
"2000","J01D",0.566512996562169
